bench	pass	dump_rc	bpfopt_rc	prog_type	insns_before	insns_after	sites_applied	changed	opt_sha256
simple	bulk_memory	0	0	xdp	24	24	0	false	2a48b3888647c7244b4c4296f0256d13359b32f2b6e419a2c32aab55209efc61
simple	rotate	0	0	xdp	24	24	0	false	2a48b3888647c7244b4c4296f0256d13359b32f2b6e419a2c32aab55209efc61
simple	cond_select	0	0	xdp	24	24	0	false	2a48b3888647c7244b4c4296f0256d13359b32f2b6e419a2c32aab55209efc61
simple	extract	0	0	xdp	24	24	0	false	2a48b3888647c7244b4c4296f0256d13359b32f2b6e419a2c32aab55209efc61
simple	endian_fusion	0	0	xdp	24	24	0	false	2a48b3888647c7244b4c4296f0256d13359b32f2b6e419a2c32aab55209efc61
simple_packet	bulk_memory	0	0	xdp	21	21	0	false	0ea9c661db283d0e6567ea75a73b58ba6e5ecb42eda31b1336efcf7965d58eb1
simple_packet	rotate	0	0	xdp	21	21	0	false	0ea9c661db283d0e6567ea75a73b58ba6e5ecb42eda31b1336efcf7965d58eb1
simple_packet	cond_select	0	0	xdp	21	21	0	false	0ea9c661db283d0e6567ea75a73b58ba6e5ecb42eda31b1336efcf7965d58eb1
simple_packet	extract	0	0	xdp	21	21	0	false	0ea9c661db283d0e6567ea75a73b58ba6e5ecb42eda31b1336efcf7965d58eb1
simple_packet	endian_fusion	0	0	xdp	21	21	0	false	0ea9c661db283d0e6567ea75a73b58ba6e5ecb42eda31b1336efcf7965d58eb1
memory_pair_sum	bulk_memory	0	0	xdp	78	78	0	false	50b089f80ea6452deee78490e53750642552ca73648cfda6dabf362414055024
memory_pair_sum	rotate	0	0	xdp	78	78	0	false	50b089f80ea6452deee78490e53750642552ca73648cfda6dabf362414055024
memory_pair_sum	cond_select	0	0	xdp	78	78	0	false	50b089f80ea6452deee78490e53750642552ca73648cfda6dabf362414055024
memory_pair_sum	extract	0	0	xdp	78	78	0	false	50b089f80ea6452deee78490e53750642552ca73648cfda6dabf362414055024
memory_pair_sum	endian_fusion	0	0	xdp	78	78	0	false	50b089f80ea6452deee78490e53750642552ca73648cfda6dabf362414055024
bitcount	bulk_memory	0	0	xdp	130	130	0	false	8faab4134649b7d8a02301b7814e18a7216c9973cc7e8b67b094563ffa87c6ea
bitcount	rotate	0	0	xdp	130	130	0	false	8faab4134649b7d8a02301b7814e18a7216c9973cc7e8b67b094563ffa87c6ea
bitcount	cond_select	0	0	xdp	130	130	0	false	8faab4134649b7d8a02301b7814e18a7216c9973cc7e8b67b094563ffa87c6ea
bitcount	extract	0	0	xdp	130	130	0	false	8faab4134649b7d8a02301b7814e18a7216c9973cc7e8b67b094563ffa87c6ea
bitcount	endian_fusion	0	0	xdp	130	130	0	false	8faab4134649b7d8a02301b7814e18a7216c9973cc7e8b67b094563ffa87c6ea
log2_fold	bulk_memory	0	0	xdp	127	127	0	false	b44afdb8f16a805d9942e6b3c438f75eb52fb91f84303082a1bf2969054ef64b
log2_fold	rotate	0	0	xdp	127	127	0	false	b44afdb8f16a805d9942e6b3c438f75eb52fb91f84303082a1bf2969054ef64b
log2_fold	cond_select	0	0	xdp	127	127	0	false	b44afdb8f16a805d9942e6b3c438f75eb52fb91f84303082a1bf2969054ef64b
log2_fold	extract	0	0	xdp	127	127	0	false	b44afdb8f16a805d9942e6b3c438f75eb52fb91f84303082a1bf2969054ef64b
log2_fold	endian_fusion	0	0	xdp	127	127	0	false	b44afdb8f16a805d9942e6b3c438f75eb52fb91f84303082a1bf2969054ef64b
dep_chain_short	bulk_memory	0	0	xdp	104	104	0	false	4fa625ce91dc7b01107dc485ee05af0bf3a930e6e609e9887903f921444a0843
dep_chain_short	rotate	0	0	xdp	104	104	0	false	4fa625ce91dc7b01107dc485ee05af0bf3a930e6e609e9887903f921444a0843
dep_chain_short	cond_select	0	0	xdp	104	104	0	false	4fa625ce91dc7b01107dc485ee05af0bf3a930e6e609e9887903f921444a0843
dep_chain_short	extract	0	0	xdp	104	104	0	false	4fa625ce91dc7b01107dc485ee05af0bf3a930e6e609e9887903f921444a0843
dep_chain_short	endian_fusion	0	0	xdp	104	104	0	false	4fa625ce91dc7b01107dc485ee05af0bf3a930e6e609e9887903f921444a0843
dep_chain_long	bulk_memory	0	0	xdp	104	104	0	false	0ed1c0f7a97484c66ca35f2268eaef7eb1c718595f3530560acb6c0a1ab9bb2b
dep_chain_long	rotate	0	0	xdp	104	104	0	false	0ed1c0f7a97484c66ca35f2268eaef7eb1c718595f3530560acb6c0a1ab9bb2b
dep_chain_long	cond_select	0	0	xdp	104	104	0	false	0ed1c0f7a97484c66ca35f2268eaef7eb1c718595f3530560acb6c0a1ab9bb2b
dep_chain_long	extract	0	0	xdp	104	104	0	false	0ed1c0f7a97484c66ca35f2268eaef7eb1c718595f3530560acb6c0a1ab9bb2b
dep_chain_long	endian_fusion	0	0	xdp	104	104	0	false	0ed1c0f7a97484c66ca35f2268eaef7eb1c718595f3530560acb6c0a1ab9bb2b
binary_search	bulk_memory	0	0	xdp	180	180	0	false	386bd3edda463469caaae4a6574f7188c7341a41e75bf929370ac81a25923801
binary_search	rotate	0	0	xdp	180	180	0	false	386bd3edda463469caaae4a6574f7188c7341a41e75bf929370ac81a25923801
binary_search	cond_select	0	0	xdp	180	180	0	false	386bd3edda463469caaae4a6574f7188c7341a41e75bf929370ac81a25923801
binary_search	extract	0	0	xdp	180	180	0	false	386bd3edda463469caaae4a6574f7188c7341a41e75bf929370ac81a25923801
binary_search	endian_fusion	0	0	xdp	180	180	0	false	386bd3edda463469caaae4a6574f7188c7341a41e75bf929370ac81a25923801
branch_layout	bulk_memory	0	0	xdp	95	95	0	false	3570aaee4bf4178d4817789c4fc2fcd69e8cffc90b3c224624991fb82db9d0c8
branch_layout	rotate	0	0	xdp	95	95	0	false	3570aaee4bf4178d4817789c4fc2fcd69e8cffc90b3c224624991fb82db9d0c8
branch_layout	cond_select	0	0	xdp	95	95	0	false	3570aaee4bf4178d4817789c4fc2fcd69e8cffc90b3c224624991fb82db9d0c8
branch_layout	extract	0	0	xdp	95	95	0	false	3570aaee4bf4178d4817789c4fc2fcd69e8cffc90b3c224624991fb82db9d0c8
branch_layout	endian_fusion	0	0	xdp	95	95	0	false	3570aaee4bf4178d4817789c4fc2fcd69e8cffc90b3c224624991fb82db9d0c8
switch_dispatch	bulk_memory	0	0	xdp	259	259	0	false	5702645aa02515b7fdac49380e369b66115a95c16a047b3721c3a9dc485fcf7b
switch_dispatch	rotate	0	0	xdp	259	259	0	false	5702645aa02515b7fdac49380e369b66115a95c16a047b3721c3a9dc485fcf7b
switch_dispatch	cond_select	0	0	xdp	259	259	0	false	5702645aa02515b7fdac49380e369b66115a95c16a047b3721c3a9dc485fcf7b
switch_dispatch	extract	0	0	xdp	259	259	0	false	5702645aa02515b7fdac49380e369b66115a95c16a047b3721c3a9dc485fcf7b
switch_dispatch	endian_fusion	0	0	xdp	259	259	0	false	5702645aa02515b7fdac49380e369b66115a95c16a047b3721c3a9dc485fcf7b
branch_dense	bulk_memory	0	0	xdp	177	177	0	false	e16619d4cdc8d07a4cba0e9a5f9aeb66a429fc8c66a4854736fd05ca705ffe1b
branch_dense	rotate	0	0	xdp	177	173	2	true	22525868e91f37b5057e7976ab9124d38d5b5b4750ec6b5e09a4e508494d40c8
branch_dense	cond_select	0	0	xdp	177	177	0	false	e16619d4cdc8d07a4cba0e9a5f9aeb66a429fc8c66a4854736fd05ca705ffe1b
branch_dense	extract	0	0	xdp	177	177	0	false	e16619d4cdc8d07a4cba0e9a5f9aeb66a429fc8c66a4854736fd05ca705ffe1b
branch_dense	endian_fusion	0	0	xdp	177	177	0	false	e16619d4cdc8d07a4cba0e9a5f9aeb66a429fc8c66a4854736fd05ca705ffe1b
cmov_select	bulk_memory	0	0	xdp	534	534	0	false	2aa5b5790629be262069cc27cc011cd5a903f336321c5a8af5c53cbae051dc1c
cmov_select	rotate	0	0	xdp	534	528	3	true	fe9db186f6f7860262d4a165e6958f91dba350a4c6a1240348acf7d27fd8eebd
cmov_select	cond_select	0	0	xdp	534	534	0	false	2aa5b5790629be262069cc27cc011cd5a903f336321c5a8af5c53cbae051dc1c
cmov_select	extract	0	0	xdp	534	534	0	false	2aa5b5790629be262069cc27cc011cd5a903f336321c5a8af5c53cbae051dc1c
cmov_select	endian_fusion	0	0	xdp	534	534	0	false	2aa5b5790629be262069cc27cc011cd5a903f336321c5a8af5c53cbae051dc1c
cmov_dense	bulk_memory	0	0	xdp	607	607	0	false	80cf38f4e8fc4c6b2fe4591a24d2dafba18088c86c28b994cd4fd3a33e5bee9c
cmov_dense	rotate	0	0	xdp	607	555	26	true	b1da1946de39a71564ece38d0d85de56495fdb7a358481e118c15af5c149419f
cmov_dense	cond_select	0	0	xdp	607	607	0	false	80cf38f4e8fc4c6b2fe4591a24d2dafba18088c86c28b994cd4fd3a33e5bee9c
cmov_dense	extract	0	0	xdp	607	607	0	false	80cf38f4e8fc4c6b2fe4591a24d2dafba18088c86c28b994cd4fd3a33e5bee9c
cmov_dense	endian_fusion	0	0	xdp	607	607	0	false	80cf38f4e8fc4c6b2fe4591a24d2dafba18088c86c28b994cd4fd3a33e5bee9c
checksum	bulk_memory	0	0	xdp	98	98	0	false	06e120218f187f22150652fcbf87d6950d6c633bff0ea6524e9911678abf025c
checksum	rotate	0	0	xdp	98	98	0	false	06e120218f187f22150652fcbf87d6950d6c633bff0ea6524e9911678abf025c
checksum	cond_select	0	0	xdp	98	98	0	false	06e120218f187f22150652fcbf87d6950d6c633bff0ea6524e9911678abf025c
checksum	extract	0	0	xdp	98	98	0	false	06e120218f187f22150652fcbf87d6950d6c633bff0ea6524e9911678abf025c
checksum	endian_fusion	0	0	xdp	98	98	0	false	06e120218f187f22150652fcbf87d6950d6c633bff0ea6524e9911678abf025c
load_word32	bulk_memory	0	0	xdp	68	68	0	false	f83fec177e96e41e7c2dfba217e58741f1981dc54c3f28556dac7aa9f5ce98d0
load_word32	rotate	0	0	xdp	68	68	0	false	f83fec177e96e41e7c2dfba217e58741f1981dc54c3f28556dac7aa9f5ce98d0
load_word32	cond_select	0	0	xdp	68	68	0	false	f83fec177e96e41e7c2dfba217e58741f1981dc54c3f28556dac7aa9f5ce98d0
load_word32	extract	0	0	xdp	68	68	0	false	f83fec177e96e41e7c2dfba217e58741f1981dc54c3f28556dac7aa9f5ce98d0
load_word32	endian_fusion	0	0	xdp	68	68	0	false	f83fec177e96e41e7c2dfba217e58741f1981dc54c3f28556dac7aa9f5ce98d0
load_byte	bulk_memory	0	0	xdp	74	74	0	false	8cdfaba98c7c555bbb188eaf17559e03d96dbc257b6d51f196891439bd959dbc
load_byte	rotate	0	0	xdp	74	74	0	false	8cdfaba98c7c555bbb188eaf17559e03d96dbc257b6d51f196891439bd959dbc
load_byte	cond_select	0	0	xdp	74	74	0	false	8cdfaba98c7c555bbb188eaf17559e03d96dbc257b6d51f196891439bd959dbc
load_byte	extract	0	0	xdp	74	74	0	false	8cdfaba98c7c555bbb188eaf17559e03d96dbc257b6d51f196891439bd959dbc
load_byte	endian_fusion	0	0	xdp	74	74	0	false	8cdfaba98c7c555bbb188eaf17559e03d96dbc257b6d51f196891439bd959dbc
load_byte_recompose	bulk_memory	0	0	xdp	83	83	0	false	941ea677938e2206333f5e1e455fcd83b7f6e896b0d1ecfac0fec43ba39e4f27
load_byte_recompose	rotate	0	0	xdp	83	83	0	false	941ea677938e2206333f5e1e455fcd83b7f6e896b0d1ecfac0fec43ba39e4f27
load_byte_recompose	cond_select	0	0	xdp	83	83	0	false	941ea677938e2206333f5e1e455fcd83b7f6e896b0d1ecfac0fec43ba39e4f27
load_byte_recompose	extract	0	0	xdp	83	83	0	false	941ea677938e2206333f5e1e455fcd83b7f6e896b0d1ecfac0fec43ba39e4f27
load_byte_recompose	endian_fusion	0	0	xdp	83	83	0	false	941ea677938e2206333f5e1e455fcd83b7f6e896b0d1ecfac0fec43ba39e4f27
load_native_u64	bulk_memory	0	0	xdp	51	51	0	false	d573811f145b0b51f73780fe8f2c34b812ed90edc732d3701e2a402c651b5fb9
load_native_u64	rotate	0	0	xdp	51	51	0	false	d573811f145b0b51f73780fe8f2c34b812ed90edc732d3701e2a402c651b5fb9
load_native_u64	cond_select	0	0	xdp	51	51	0	false	d573811f145b0b51f73780fe8f2c34b812ed90edc732d3701e2a402c651b5fb9
load_native_u64	extract	0	0	xdp	51	51	0	false	d573811f145b0b51f73780fe8f2c34b812ed90edc732d3701e2a402c651b5fb9
load_native_u64	endian_fusion	0	0	xdp	51	51	0	false	d573811f145b0b51f73780fe8f2c34b812ed90edc732d3701e2a402c651b5fb9
packet_parse	bulk_memory	0	0	xdp	108	108	0	false	00b1af9a51c229b12648caa6e3725ccb22872fd68aa60fec3ad40a9a8e5c357e
packet_parse	rotate	0	0	xdp	108	108	0	false	00b1af9a51c229b12648caa6e3725ccb22872fd68aa60fec3ad40a9a8e5c357e
packet_parse	cond_select	0	0	xdp	108	108	0	false	00b1af9a51c229b12648caa6e3725ccb22872fd68aa60fec3ad40a9a8e5c357e
packet_parse	extract	0	0	xdp	108	108	0	false	00b1af9a51c229b12648caa6e3725ccb22872fd68aa60fec3ad40a9a8e5c357e
packet_parse	endian_fusion	0	0	xdp	108	108	0	false	00b1af9a51c229b12648caa6e3725ccb22872fd68aa60fec3ad40a9a8e5c357e
bounds_ladder	bulk_memory	0	0	xdp	180	180	0	false	e8a0ab79a7c2f6f5524015932832c2f89fa1048994b11b7445f20d83e6880d2d
bounds_ladder	rotate	0	0	xdp	180	180	0	false	e8a0ab79a7c2f6f5524015932832c2f89fa1048994b11b7445f20d83e6880d2d
bounds_ladder	cond_select	0	0	xdp	180	180	0	false	e8a0ab79a7c2f6f5524015932832c2f89fa1048994b11b7445f20d83e6880d2d
bounds_ladder	extract	0	0	xdp	180	180	0	false	e8a0ab79a7c2f6f5524015932832c2f89fa1048994b11b7445f20d83e6880d2d
bounds_ladder	endian_fusion	0	0	xdp	180	180	0	false	e8a0ab79a7c2f6f5524015932832c2f89fa1048994b11b7445f20d83e6880d2d
bounds_check_heavy	bulk_memory	0	0	xdp	699	699	0	false	454fe2bfca25e49930c19a42364911741b7a8f9bdf27896d4a268bc60743433f
bounds_check_heavy	rotate	0	0	xdp	699	699	0	false	454fe2bfca25e49930c19a42364911741b7a8f9bdf27896d4a268bc60743433f
bounds_check_heavy	cond_select	0	0	xdp	699	699	0	false	454fe2bfca25e49930c19a42364911741b7a8f9bdf27896d4a268bc60743433f
bounds_check_heavy	extract	0	0	xdp	699	699	1	true	cf1ca59cccd69ddc25384123f25ce42a73bf33ab0aa5d20a9878bb4472657713
bounds_check_heavy	endian_fusion	0	0	xdp	699	699	0	false	454fe2bfca25e49930c19a42364911741b7a8f9bdf27896d4a268bc60743433f
stride_load_4	bulk_memory	0	0	xdp	103	103	0	false	46eb0328687b8980e716931768e243eac2db49d05251e48ffec12a1e7696dccf
stride_load_4	rotate	0	0	xdp	103	103	0	false	46eb0328687b8980e716931768e243eac2db49d05251e48ffec12a1e7696dccf
stride_load_4	cond_select	0	0	xdp	103	103	0	false	46eb0328687b8980e716931768e243eac2db49d05251e48ffec12a1e7696dccf
stride_load_4	extract	0	0	xdp	103	103	0	false	46eb0328687b8980e716931768e243eac2db49d05251e48ffec12a1e7696dccf
stride_load_4	endian_fusion	0	0	xdp	103	103	0	false	46eb0328687b8980e716931768e243eac2db49d05251e48ffec12a1e7696dccf
stride_load_16	bulk_memory	0	0	xdp	103	103	0	false	79c043dceb5f1f9cfd847f5f16d5a84381081cdd06044847be16c7ceca33f87f
stride_load_16	rotate	0	0	xdp	103	103	0	false	79c043dceb5f1f9cfd847f5f16d5a84381081cdd06044847be16c7ceca33f87f
stride_load_16	cond_select	0	0	xdp	103	103	0	false	79c043dceb5f1f9cfd847f5f16d5a84381081cdd06044847be16c7ceca33f87f
stride_load_16	extract	0	0	xdp	103	103	0	false	79c043dceb5f1f9cfd847f5f16d5a84381081cdd06044847be16c7ceca33f87f
stride_load_16	endian_fusion	0	0	xdp	103	103	0	false	79c043dceb5f1f9cfd847f5f16d5a84381081cdd06044847be16c7ceca33f87f
mixed_alu_mem	bulk_memory	0	0	xdp	267	267	0	false	0dcbfa9b26ec1ce8e76a968e1ffd90f9224d2d49a0f62349e9754ab9b736e506
mixed_alu_mem	rotate	0	0	xdp	267	267	0	false	0dcbfa9b26ec1ce8e76a968e1ffd90f9224d2d49a0f62349e9754ab9b736e506
mixed_alu_mem	cond_select	0	0	xdp	267	267	0	false	0dcbfa9b26ec1ce8e76a968e1ffd90f9224d2d49a0f62349e9754ab9b736e506
mixed_alu_mem	extract	0	0	xdp	267	267	2	true	f54ad84948601fab50ca23a652f62d8d1650ca44e2e4a1b16b4c472ea55e4552
mixed_alu_mem	endian_fusion	0	0	xdp	267	267	0	false	0dcbfa9b26ec1ce8e76a968e1ffd90f9224d2d49a0f62349e9754ab9b736e506
spill_pressure	bulk_memory	0	0	xdp	200	200	0	false	b7a667962399b13876270a265a65500542d29a406a3915dd9cce297c6bd9c45d
spill_pressure	rotate	0	0	xdp	200	200	0	false	b7a667962399b13876270a265a65500542d29a406a3915dd9cce297c6bd9c45d
spill_pressure	cond_select	0	0	xdp	200	200	0	false	b7a667962399b13876270a265a65500542d29a406a3915dd9cce297c6bd9c45d
spill_pressure	extract	0	0	xdp	200	200	0	false	b7a667962399b13876270a265a65500542d29a406a3915dd9cce297c6bd9c45d
spill_pressure	endian_fusion	0	0	xdp	200	200	0	false	b7a667962399b13876270a265a65500542d29a406a3915dd9cce297c6bd9c45d
multi_acc_4	bulk_memory	0	0	xdp	128	128	0	false	d112b671d199b6395668134f61f9e503646877069b281203005366d661501582
multi_acc_4	rotate	0	0	xdp	128	128	0	false	d112b671d199b6395668134f61f9e503646877069b281203005366d661501582
multi_acc_4	cond_select	0	0	xdp	128	128	0	false	d112b671d199b6395668134f61f9e503646877069b281203005366d661501582
multi_acc_4	extract	0	0	xdp	128	128	0	false	d112b671d199b6395668134f61f9e503646877069b281203005366d661501582
multi_acc_4	endian_fusion	0	0	xdp	128	128	0	false	d112b671d199b6395668134f61f9e503646877069b281203005366d661501582
multi_acc_8	bulk_memory	0	0	xdp	202	202	0	false	754ba0f34afae46280e38ae87f50dfdabbdc489d0ea2e8df6ed6fd83b1570b52
multi_acc_8	rotate	0	0	xdp	202	202	0	false	754ba0f34afae46280e38ae87f50dfdabbdc489d0ea2e8df6ed6fd83b1570b52
multi_acc_8	cond_select	0	0	xdp	202	202	0	false	754ba0f34afae46280e38ae87f50dfdabbdc489d0ea2e8df6ed6fd83b1570b52
multi_acc_8	extract	0	0	xdp	202	202	0	false	754ba0f34afae46280e38ae87f50dfdabbdc489d0ea2e8df6ed6fd83b1570b52
multi_acc_8	endian_fusion	0	0	xdp	202	202	0	false	754ba0f34afae46280e38ae87f50dfdabbdc489d0ea2e8df6ed6fd83b1570b52
fibonacci_iter	bulk_memory	0	0	xdp	97	97	0	false	170f789de99fd6ab5f5b5766c644247ca57cb7a53e3d663fe6547374e398195f
fibonacci_iter	rotate	0	0	xdp	97	97	0	false	170f789de99fd6ab5f5b5766c644247ca57cb7a53e3d663fe6547374e398195f
fibonacci_iter	cond_select	0	0	xdp	97	97	0	false	170f789de99fd6ab5f5b5766c644247ca57cb7a53e3d663fe6547374e398195f
fibonacci_iter	extract	0	0	xdp	97	97	0	false	170f789de99fd6ab5f5b5766c644247ca57cb7a53e3d663fe6547374e398195f
fibonacci_iter	endian_fusion	0	0	xdp	97	97	0	false	170f789de99fd6ab5f5b5766c644247ca57cb7a53e3d663fe6547374e398195f
fibonacci_iter_packet	bulk_memory	0	0	xdp	97	97	0	false	170f789de99fd6ab5f5b5766c644247ca57cb7a53e3d663fe6547374e398195f
fibonacci_iter_packet	rotate	0	0	xdp	97	97	0	false	170f789de99fd6ab5f5b5766c644247ca57cb7a53e3d663fe6547374e398195f
fibonacci_iter_packet	cond_select	0	0	xdp	97	97	0	false	170f789de99fd6ab5f5b5766c644247ca57cb7a53e3d663fe6547374e398195f
fibonacci_iter_packet	extract	0	0	xdp	97	97	0	false	170f789de99fd6ab5f5b5766c644247ca57cb7a53e3d663fe6547374e398195f
fibonacci_iter_packet	endian_fusion	0	0	xdp	97	97	0	false	170f789de99fd6ab5f5b5766c644247ca57cb7a53e3d663fe6547374e398195f
fixed_loop_small	bulk_memory	0	0	xdp	108	108	0	false	e29a919407af6250b81be5f348859886c3fd5d46ef66cc2298c6619dec56b575
fixed_loop_small	rotate	0	0	xdp	108	106	1	true	0632eeaaa527b5f6efde4ff6f61104c4807cbe84cdb220389045a6c0c7dd9377
fixed_loop_small	cond_select	0	0	xdp	108	108	0	false	e29a919407af6250b81be5f348859886c3fd5d46ef66cc2298c6619dec56b575
fixed_loop_small	extract	0	0	xdp	108	108	0	false	e29a919407af6250b81be5f348859886c3fd5d46ef66cc2298c6619dec56b575
fixed_loop_small	endian_fusion	0	0	xdp	108	108	0	false	e29a919407af6250b81be5f348859886c3fd5d46ef66cc2298c6619dec56b575
fixed_loop_large	bulk_memory	0	0	xdp	110	110	0	false	b1aa0454200efd0faee2ae5d7ff50d77b37ec58eafe52d49ee5226f2e64c40a2
fixed_loop_large	rotate	0	0	xdp	110	108	1	true	a872caec7dc134de90b7f8aedade639f3af58fd639f2b06cead77ee6693f7066
fixed_loop_large	cond_select	0	0	xdp	110	110	0	false	b1aa0454200efd0faee2ae5d7ff50d77b37ec58eafe52d49ee5226f2e64c40a2
fixed_loop_large	extract	0	0	xdp	110	110	0	false	b1aa0454200efd0faee2ae5d7ff50d77b37ec58eafe52d49ee5226f2e64c40a2
fixed_loop_large	endian_fusion	0	0	xdp	110	110	0	false	b1aa0454200efd0faee2ae5d7ff50d77b37ec58eafe52d49ee5226f2e64c40a2
nested_loop_2	bulk_memory	0	0	xdp	154	154	0	false	3b48f597e4f42d59e576ab0fff139cc87a584f1b86ef3d9d59cf000b74f8ea7a
nested_loop_2	rotate	0	0	xdp	154	154	0	false	3b48f597e4f42d59e576ab0fff139cc87a584f1b86ef3d9d59cf000b74f8ea7a
nested_loop_2	cond_select	0	0	xdp	154	154	0	false	3b48f597e4f42d59e576ab0fff139cc87a584f1b86ef3d9d59cf000b74f8ea7a
nested_loop_2	extract	0	0	xdp	154	154	0	false	3b48f597e4f42d59e576ab0fff139cc87a584f1b86ef3d9d59cf000b74f8ea7a
nested_loop_2	endian_fusion	0	0	xdp	154	154	0	false	3b48f597e4f42d59e576ab0fff139cc87a584f1b86ef3d9d59cf000b74f8ea7a
nested_loop_3	bulk_memory	0	0	xdp	221	221	0	false	564f33d40e27e2828d13ebe4169ca64c58cfd25b8755e29f5d996d251f0d8133
nested_loop_3	rotate	0	0	xdp	221	221	0	false	564f33d40e27e2828d13ebe4169ca64c58cfd25b8755e29f5d996d251f0d8133
nested_loop_3	cond_select	0	0	xdp	221	221	0	false	564f33d40e27e2828d13ebe4169ca64c58cfd25b8755e29f5d996d251f0d8133
nested_loop_3	extract	0	0	xdp	221	221	0	false	564f33d40e27e2828d13ebe4169ca64c58cfd25b8755e29f5d996d251f0d8133
nested_loop_3	endian_fusion	0	0	xdp	221	221	0	false	564f33d40e27e2828d13ebe4169ca64c58cfd25b8755e29f5d996d251f0d8133
code_clone_2	bulk_memory	0	0	xdp	114	114	0	false	5fc3c99fced59cd5448e8339c4fc1fa1cff14d435ca5a94988becf2c67fe6a9e
code_clone_2	rotate	0	0	xdp	114	112	1	true	2858937a977bd4faadc0fcd6ab022ce9d8287ef38d017f6f311ec6eaeaeedb81
code_clone_2	cond_select	0	0	xdp	114	114	0	false	5fc3c99fced59cd5448e8339c4fc1fa1cff14d435ca5a94988becf2c67fe6a9e
code_clone_2	extract	0	0	xdp	114	114	0	false	5fc3c99fced59cd5448e8339c4fc1fa1cff14d435ca5a94988becf2c67fe6a9e
code_clone_2	endian_fusion	0	0	xdp	114	114	0	false	5fc3c99fced59cd5448e8339c4fc1fa1cff14d435ca5a94988becf2c67fe6a9e
code_clone_8	bulk_memory	0	0	xdp	184	184	0	false	934a51c5e52d52c7b11a386d0b028d3600792e98a2c5eeeed92189a3974e7b5b
code_clone_8	rotate	0	0	xdp	184	180	2	true	6f50478ab2cf866709234580ef03fa5b17424e99740630a6c010d7a42bd4cf6b
code_clone_8	cond_select	0	0	xdp	184	184	0	false	934a51c5e52d52c7b11a386d0b028d3600792e98a2c5eeeed92189a3974e7b5b
code_clone_8	extract	0	0	xdp	184	184	0	false	934a51c5e52d52c7b11a386d0b028d3600792e98a2c5eeeed92189a3974e7b5b
code_clone_8	endian_fusion	0	0	xdp	184	184	0	false	934a51c5e52d52c7b11a386d0b028d3600792e98a2c5eeeed92189a3974e7b5b
large_mixed_500	bulk_memory	0	0	xdp	548	548	0	false	a29a697f00157a5e5a57b5d8fa59c348ab7a9390246f8b79818005a01721c5fd
large_mixed_500	rotate	0	0	xdp	548	534	7	true	81b9dfba25cc6ce12c9f40da2d193367c14f2dfcb6f968ef1a2ae327141c3d5a
large_mixed_500	cond_select	0	0	xdp	548	548	0	false	a29a697f00157a5e5a57b5d8fa59c348ab7a9390246f8b79818005a01721c5fd
large_mixed_500	extract	0	0	xdp	548	548	0	false	a29a697f00157a5e5a57b5d8fa59c348ab7a9390246f8b79818005a01721c5fd
large_mixed_500	endian_fusion	0	0	xdp	548	548	0	false	a29a697f00157a5e5a57b5d8fa59c348ab7a9390246f8b79818005a01721c5fd
large_mixed_1000	bulk_memory	0	0	xdp	1008	1008	0	false	904531d9c75652dcd5f0e5d85d0e025f2e8813d49c4063a6c5920407200e49fe
large_mixed_1000	rotate	0	0	xdp	1008	994	7	true	95e3f11d0f52cf2b6910fd92645e91f93d63b7ff2f0781e6ce44b6b5ab3f59eb
large_mixed_1000	cond_select	0	0	xdp	1008	1008	0	false	904531d9c75652dcd5f0e5d85d0e025f2e8813d49c4063a6c5920407200e49fe
large_mixed_1000	extract	0	0	xdp	1008	1008	0	false	904531d9c75652dcd5f0e5d85d0e025f2e8813d49c4063a6c5920407200e49fe
large_mixed_1000	endian_fusion	0	0	xdp	1008	1008	0	false	904531d9c75652dcd5f0e5d85d0e025f2e8813d49c4063a6c5920407200e49fe
bpf_call_chain	bulk_memory	0	0	xdp	215	215	0	false	56565a42ff94e91bb37cdb5bc4a33a3b9e6b051828c5c8d44b9c0b200d9fcd35
bpf_call_chain	rotate	0	0	xdp	215	215	0	false	56565a42ff94e91bb37cdb5bc4a33a3b9e6b051828c5c8d44b9c0b200d9fcd35
bpf_call_chain	cond_select	0	0	xdp	215	215	0	false	56565a42ff94e91bb37cdb5bc4a33a3b9e6b051828c5c8d44b9c0b200d9fcd35
bpf_call_chain	extract	0	0	xdp	215	215	0	false	56565a42ff94e91bb37cdb5bc4a33a3b9e6b051828c5c8d44b9c0b200d9fcd35
bpf_call_chain	endian_fusion	0	0	xdp	215	215	0	false	56565a42ff94e91bb37cdb5bc4a33a3b9e6b051828c5c8d44b9c0b200d9fcd35
memcmp_prefix_64	bulk_memory	0	0	xdp	139	139	0	false	730c8010092ac166e59adfc075b09fb0b635253db7285550966b9717abe0fd3f
memcmp_prefix_64	rotate	0	0	xdp	139	133	3	true	2c247105a450595f3316d6cb6529f80ae1024c24f38ba97130fc04aac2dfadfa
memcmp_prefix_64	cond_select	0	0	xdp	139	139	0	false	730c8010092ac166e59adfc075b09fb0b635253db7285550966b9717abe0fd3f
memcmp_prefix_64	extract	0	0	xdp	139	139	0	false	730c8010092ac166e59adfc075b09fb0b635253db7285550966b9717abe0fd3f
memcmp_prefix_64	endian_fusion	0	0	xdp	139	139	0	false	730c8010092ac166e59adfc075b09fb0b635253db7285550966b9717abe0fd3f
packet_parse_vlans_tcpopts	bulk_memory	0	0	xdp	232	232	0	false	371d90f341048ac86ec41ca949cf83f2fd97462cf89708258e36d7e0810cb643
packet_parse_vlans_tcpopts	rotate	0	0	xdp	232	232	0	false	371d90f341048ac86ec41ca949cf83f2fd97462cf89708258e36d7e0810cb643
packet_parse_vlans_tcpopts	cond_select	0	0	xdp	232	232	0	false	371d90f341048ac86ec41ca949cf83f2fd97462cf89708258e36d7e0810cb643
packet_parse_vlans_tcpopts	extract	0	0	xdp	232	232	0	false	371d90f341048ac86ec41ca949cf83f2fd97462cf89708258e36d7e0810cb643
packet_parse_vlans_tcpopts	endian_fusion	0	0	xdp	232	232	0	false	371d90f341048ac86ec41ca949cf83f2fd97462cf89708258e36d7e0810cb643
local_call_fanout	bulk_memory	0	0	xdp	530	530	0	false	e3cb4eb792de874a5d9c6341dd92f4582b12b761eb140d291e7568ed115b64d1
local_call_fanout	rotate	0	0	xdp	530	510	10	true	dd6c695c430bebdc227d21ed72aa6477b2a52a6eda0078178d33a664dda39338
local_call_fanout	cond_select	0	0	xdp	530	530	0	false	e3cb4eb792de874a5d9c6341dd92f4582b12b761eb140d291e7568ed115b64d1
local_call_fanout	extract	0	0	xdp	530	530	0	false	e3cb4eb792de874a5d9c6341dd92f4582b12b761eb140d291e7568ed115b64d1
local_call_fanout	endian_fusion	0	0	xdp	530	530	0	false	e3cb4eb792de874a5d9c6341dd92f4582b12b761eb140d291e7568ed115b64d1
packet_rss_hash	bulk_memory	0	0	xdp	261	261	0	false	daf0aa59b95e667d8b18b11e309f171f498b84ad9e621ff04e694f53d4ea082b
packet_rss_hash	rotate	0	0	xdp	261	261	0	false	daf0aa59b95e667d8b18b11e309f171f498b84ad9e621ff04e694f53d4ea082b
packet_rss_hash	cond_select	0	0	xdp	261	261	0	false	daf0aa59b95e667d8b18b11e309f171f498b84ad9e621ff04e694f53d4ea082b
packet_rss_hash	extract	0	0	xdp	261	261	0	false	daf0aa59b95e667d8b18b11e309f171f498b84ad9e621ff04e694f53d4ea082b
packet_rss_hash	endian_fusion	0	0	xdp	261	261	0	false	daf0aa59b95e667d8b18b11e309f171f498b84ad9e621ff04e694f53d4ea082b
imm64_storm	bulk_memory	0	0	xdp	1705	1705	0	false	737ebde0b0ea298b140da7c1c0db4257dbc5fc8fb5a87a45c6574fb2f93c608b
imm64_storm	rotate	0	0	xdp	1705	1577	64	true	e4ceeee830f1fed314f5fc08cad36f8c05dada035eea4ceac497c6be7d91d53e
imm64_storm	cond_select	0	0	xdp	1705	1705	0	false	737ebde0b0ea298b140da7c1c0db4257dbc5fc8fb5a87a45c6574fb2f93c608b
imm64_storm	extract	0	0	xdp	1705	1705	0	false	737ebde0b0ea298b140da7c1c0db4257dbc5fc8fb5a87a45c6574fb2f93c608b
imm64_storm	endian_fusion	0	0	xdp	1705	1705	0	false	737ebde0b0ea298b140da7c1c0db4257dbc5fc8fb5a87a45c6574fb2f93c608b
alu32_64_pingpong	bulk_memory	0	0	xdp	148	148	0	false	9088fc7fa1d003186e28b3f60456f2dda4dab4120c1b0e14b4b9351da4bc4172
alu32_64_pingpong	rotate	0	0	xdp	148	148	0	false	9088fc7fa1d003186e28b3f60456f2dda4dab4120c1b0e14b4b9351da4bc4172
alu32_64_pingpong	cond_select	0	0	xdp	148	148	0	false	9088fc7fa1d003186e28b3f60456f2dda4dab4120c1b0e14b4b9351da4bc4172
alu32_64_pingpong	extract	0	0	xdp	148	148	0	false	9088fc7fa1d003186e28b3f60456f2dda4dab4120c1b0e14b4b9351da4bc4172
alu32_64_pingpong	endian_fusion	0	0	xdp	148	148	0	false	9088fc7fa1d003186e28b3f60456f2dda4dab4120c1b0e14b4b9351da4bc4172
branch_fanout_32	bulk_memory	0	0	xdp	421	421	0	false	dc87fb7ac729f641653b7b8be3514461728f7951c81ccc1733bec1174577fc14
branch_fanout_32	rotate	0	0	xdp	421	421	0	false	dc87fb7ac729f641653b7b8be3514461728f7951c81ccc1733bec1174577fc14
branch_fanout_32	cond_select	0	0	xdp	421	421	0	false	dc87fb7ac729f641653b7b8be3514461728f7951c81ccc1733bec1174577fc14
branch_fanout_32	extract	0	0	xdp	421	421	0	false	dc87fb7ac729f641653b7b8be3514461728f7951c81ccc1733bec1174577fc14
branch_fanout_32	endian_fusion	0	0	xdp	421	421	0	false	dc87fb7ac729f641653b7b8be3514461728f7951c81ccc1733bec1174577fc14
deep_guard_tree_8	bulk_memory	0	0	xdp	147	147	0	false	d2c5ae6e20dd87a317d93ccf1d154a9cb1bdd438811089e95e648d4c6b156421
deep_guard_tree_8	rotate	0	0	xdp	147	147	0	false	d2c5ae6e20dd87a317d93ccf1d154a9cb1bdd438811089e95e648d4c6b156421
deep_guard_tree_8	cond_select	0	0	xdp	147	147	0	false	d2c5ae6e20dd87a317d93ccf1d154a9cb1bdd438811089e95e648d4c6b156421
deep_guard_tree_8	extract	0	0	xdp	147	147	0	false	d2c5ae6e20dd87a317d93ccf1d154a9cb1bdd438811089e95e648d4c6b156421
deep_guard_tree_8	endian_fusion	0	0	xdp	147	147	0	false	d2c5ae6e20dd87a317d93ccf1d154a9cb1bdd438811089e95e648d4c6b156421
mega_basic_block_2048	bulk_memory	0	0	xdp	13777	13777	0	false	2798671d626b68cd5e5c0a4efdbf425ef98e33e06376cb98cb825063cc20a6f9
mega_basic_block_2048	rotate	0	0	xdp	13777	13265	256	true	f39d15b5afd4d26186bd1664ec8feabf105ed4c68fb345c56b20819a1c03e33c
mega_basic_block_2048	cond_select	0	0	xdp	13777	13777	0	false	2798671d626b68cd5e5c0a4efdbf425ef98e33e06376cb98cb825063cc20a6f9
mega_basic_block_2048	extract	0	0	xdp	13777	13777	0	false	2798671d626b68cd5e5c0a4efdbf425ef98e33e06376cb98cb825063cc20a6f9
mega_basic_block_2048	endian_fusion	0	0	xdp	13777	13777	0	false	2798671d626b68cd5e5c0a4efdbf425ef98e33e06376cb98cb825063cc20a6f9
rotate64_hash	bulk_memory	0	0	xdp	992	992	0	false	033e565ab97ac1591e87239d9f5a4f0002022e4393429ca566a3eecc0018e488
rotate64_hash	rotate	0	0	xdp	992	868	62	true	d0523eea9bae69a22727aff998a9790b96a5a46c23326aabeeb6c5d7fb367f93
rotate64_hash	cond_select	0	0	xdp	992	992	0	false	033e565ab97ac1591e87239d9f5a4f0002022e4393429ca566a3eecc0018e488
rotate64_hash	extract	0	0	xdp	992	992	0	false	033e565ab97ac1591e87239d9f5a4f0002022e4393429ca566a3eecc0018e488
rotate64_hash	endian_fusion	0	0	xdp	992	992	0	false	033e565ab97ac1591e87239d9f5a4f0002022e4393429ca566a3eecc0018e488
packet_redundant_bounds	bulk_memory	0	0	xdp	163	163	0	false	8ce6b9a5cbae102cb67573e12eb9a9c2dc1e7ef844a482d3b4316ebe916e3b68
packet_redundant_bounds	rotate	0	0	xdp	163	163	0	false	8ce6b9a5cbae102cb67573e12eb9a9c2dc1e7ef844a482d3b4316ebe916e3b68
packet_redundant_bounds	cond_select	0	0	xdp	163	163	0	false	8ce6b9a5cbae102cb67573e12eb9a9c2dc1e7ef844a482d3b4316ebe916e3b68
packet_redundant_bounds	extract	0	0	xdp	163	163	0	false	8ce6b9a5cbae102cb67573e12eb9a9c2dc1e7ef844a482d3b4316ebe916e3b68
packet_redundant_bounds	endian_fusion	0	0	xdp	163	163	0	false	8ce6b9a5cbae102cb67573e12eb9a9c2dc1e7ef844a482d3b4316ebe916e3b68
const_fold_chain	bulk_memory	0	0	xdp	128	128	0	false	169d1164591c75576936d9c15c6ff8e62f58a7cc33ce90fc942806b4b877a47e
const_fold_chain	rotate	0	0	xdp	128	128	0	false	169d1164591c75576936d9c15c6ff8e62f58a7cc33ce90fc942806b4b877a47e
const_fold_chain	cond_select	0	0	xdp	128	128	0	false	169d1164591c75576936d9c15c6ff8e62f58a7cc33ce90fc942806b4b877a47e
const_fold_chain	extract	0	0	xdp	128	128	0	false	169d1164591c75576936d9c15c6ff8e62f58a7cc33ce90fc942806b4b877a47e
const_fold_chain	endian_fusion	0	0	xdp	128	128	0	false	169d1164591c75576936d9c15c6ff8e62f58a7cc33ce90fc942806b4b877a47e
struct_field_cluster	bulk_memory	0	0	xdp	93	93	0	false	da6fbcc6fdb9a184b9e0fccf3238421f3c04b6f7710cf18ef0e83bf23615bb04
struct_field_cluster	rotate	0	0	xdp	93	93	0	false	da6fbcc6fdb9a184b9e0fccf3238421f3c04b6f7710cf18ef0e83bf23615bb04
struct_field_cluster	cond_select	0	0	xdp	93	93	0	false	da6fbcc6fdb9a184b9e0fccf3238421f3c04b6f7710cf18ef0e83bf23615bb04
struct_field_cluster	extract	0	0	xdp	93	93	0	false	da6fbcc6fdb9a184b9e0fccf3238421f3c04b6f7710cf18ef0e83bf23615bb04
struct_field_cluster	endian_fusion	0	0	xdp	93	93	0	false	da6fbcc6fdb9a184b9e0fccf3238421f3c04b6f7710cf18ef0e83bf23615bb04
bitfield_extract	bulk_memory	0	0	xdp	247	247	0	false	26ea9b09fef4b2ca8889ae97653b61ee2646a36271c77121aa8b1efe2174041d
bitfield_extract	rotate	0	0	xdp	247	247	0	false	26ea9b09fef4b2ca8889ae97653b61ee2646a36271c77121aa8b1efe2174041d
bitfield_extract	cond_select	0	0	xdp	247	247	0	false	26ea9b09fef4b2ca8889ae97653b61ee2646a36271c77121aa8b1efe2174041d
bitfield_extract	extract	0	0	xdp	247	247	9	true	f2239b9ee6bf323e7cbc0ec7cbd4dbef5daeb5c70d8025f77ff8a433c9c60bf7
bitfield_extract	endian_fusion	0	0	xdp	247	247	0	false	26ea9b09fef4b2ca8889ae97653b61ee2646a36271c77121aa8b1efe2174041d
smallmul_strength_reduce	bulk_memory	0	0	xdp	127	127	0	false	1298572f250fade629e0c873dce6cf9009f48f8f537f6ffc228e2c94ac7d8359
smallmul_strength_reduce	rotate	0	0	xdp	127	127	0	false	1298572f250fade629e0c873dce6cf9009f48f8f537f6ffc228e2c94ac7d8359
smallmul_strength_reduce	cond_select	0	0	xdp	127	127	0	false	1298572f250fade629e0c873dce6cf9009f48f8f537f6ffc228e2c94ac7d8359
smallmul_strength_reduce	extract	0	0	xdp	127	127	0	false	1298572f250fade629e0c873dce6cf9009f48f8f537f6ffc228e2c94ac7d8359
smallmul_strength_reduce	endian_fusion	0	0	xdp	127	127	0	false	1298572f250fade629e0c873dce6cf9009f48f8f537f6ffc228e2c94ac7d8359
cond_select_dense	bulk_memory	0	0	xdp	1283	1283	0	false	d8dd5d4803b260e34a471e11bc3d049969377853549bc00cd4ea3cb1ee734809
cond_select_dense	rotate	0	0	xdp	1283	1283	0	false	d8dd5d4803b260e34a471e11bc3d049969377853549bc00cd4ea3cb1ee734809
cond_select_dense	cond_select	0	0	xdp	1283	1283	0	false	d8dd5d4803b260e34a471e11bc3d049969377853549bc00cd4ea3cb1ee734809
cond_select_dense	extract	0	0	xdp	1283	1283	0	false	d8dd5d4803b260e34a471e11bc3d049969377853549bc00cd4ea3cb1ee734809
cond_select_dense	endian_fusion	0	0	xdp	1283	1283	0	false	d8dd5d4803b260e34a471e11bc3d049969377853549bc00cd4ea3cb1ee734809
rotate_dense	bulk_memory	0	0	xdp	2796	2796	0	false	0a2957c4dfb25226cc623f7179f971600e826ae9905632a3a1d42eca4462752a
rotate_dense	rotate	0	0	xdp	2796	2284	256	true	f9fafcb361378bc0a3eee7da7704e2a64d1a3ba657607e67dc5fe606cce7ea93
rotate_dense	cond_select	0	0	xdp	2796	2796	0	false	0a2957c4dfb25226cc623f7179f971600e826ae9905632a3a1d42eca4462752a
rotate_dense	extract	0	0	xdp	2796	2796	0	false	0a2957c4dfb25226cc623f7179f971600e826ae9905632a3a1d42eca4462752a
rotate_dense	endian_fusion	0	0	xdp	2796	2796	0	false	0a2957c4dfb25226cc623f7179f971600e826ae9905632a3a1d42eca4462752a
addr_calc_stride	bulk_memory	0	0	xdp	147	147	0	false	56d3baf0ef00c135127aaa0ccde063b968c3a6232997751db2c66f127117e742
addr_calc_stride	rotate	0	0	xdp	147	147	0	false	56d3baf0ef00c135127aaa0ccde063b968c3a6232997751db2c66f127117e742
addr_calc_stride	cond_select	0	0	xdp	147	147	0	false	56d3baf0ef00c135127aaa0ccde063b968c3a6232997751db2c66f127117e742
addr_calc_stride	extract	0	0	xdp	147	147	0	false	56d3baf0ef00c135127aaa0ccde063b968c3a6232997751db2c66f127117e742
addr_calc_stride	endian_fusion	0	0	xdp	147	147	0	false	56d3baf0ef00c135127aaa0ccde063b968c3a6232997751db2c66f127117e742
extract_dense	bulk_memory	0	0	xdp	2595	2595	0	false	e78d1be71fae80dff6bc91e60697dba2d5feb08f90a048fba76df8e731c50db6
extract_dense	rotate	0	0	xdp	2595	2595	0	false	e78d1be71fae80dff6bc91e60697dba2d5feb08f90a048fba76df8e731c50db6
extract_dense	cond_select	0	0	xdp	2595	2595	0	false	e78d1be71fae80dff6bc91e60697dba2d5feb08f90a048fba76df8e731c50db6
extract_dense	extract	0	0	xdp	2595	2595	512	true	71b76695e981a2fd6ea350084c1107f3bdd2471dd6b2773a96537a62038f083e
extract_dense	endian_fusion	0	0	xdp	2595	2595	0	false	e78d1be71fae80dff6bc91e60697dba2d5feb08f90a048fba76df8e731c50db6
endian_swap_dense	bulk_memory	0	0	xdp	1059	1059	0	false	78c9bda0b025a4e883203fd6b9b6067b8270ad58f188d596058b79504ac3d0d1
endian_swap_dense	rotate	0	0	xdp	1059	1059	0	false	78c9bda0b025a4e883203fd6b9b6067b8270ad58f188d596058b79504ac3d0d1
endian_swap_dense	cond_select	0	0	xdp	1059	1059	0	false	78c9bda0b025a4e883203fd6b9b6067b8270ad58f188d596058b79504ac3d0d1
endian_swap_dense	extract	0	0	xdp	1059	1059	0	false	78c9bda0b025a4e883203fd6b9b6067b8270ad58f188d596058b79504ac3d0d1
endian_swap_dense	endian_fusion	0	0	xdp	1059	1059	256	true	2c93f39da6f981feacf4788c273bf0abb285d7109d2f24c118597e1c3d33d7cc
branch_flip_dense	bulk_memory	0	0	xdp	4404	4404	0	false	9628cfcf00824dd9bddcb9b0986285e094e24653a1f48289f282a0dcb5ecef23
branch_flip_dense	rotate	0	0	xdp	4404	4404	0	false	9628cfcf00824dd9bddcb9b0986285e094e24653a1f48289f282a0dcb5ecef23
branch_flip_dense	cond_select	0	0	xdp	4404	4404	0	false	9628cfcf00824dd9bddcb9b0986285e094e24653a1f48289f282a0dcb5ecef23
branch_flip_dense	extract	0	0	xdp	4404	4404	0	false	9628cfcf00824dd9bddcb9b0986285e094e24653a1f48289f282a0dcb5ecef23
branch_flip_dense	endian_fusion	0	0	xdp	4404	4404	0	false	9628cfcf00824dd9bddcb9b0986285e094e24653a1f48289f282a0dcb5ecef23
tc_bitcount	bulk_memory	0	0	sched_cls	115	115	0	false	df755917a5bd4655734bad5866a254cc47890f0702dbf5b3d143de58099a5dc2
tc_bitcount	rotate	0	0	sched_cls	115	115	0	false	df755917a5bd4655734bad5866a254cc47890f0702dbf5b3d143de58099a5dc2
tc_bitcount	cond_select	0	0	sched_cls	115	115	0	false	df755917a5bd4655734bad5866a254cc47890f0702dbf5b3d143de58099a5dc2
tc_bitcount	extract	0	0	sched_cls	115	115	0	false	df755917a5bd4655734bad5866a254cc47890f0702dbf5b3d143de58099a5dc2
tc_bitcount	endian_fusion	0	0	sched_cls	115	115	0	false	df755917a5bd4655734bad5866a254cc47890f0702dbf5b3d143de58099a5dc2
tc_checksum	bulk_memory	0	0	sched_cls	84	84	0	false	1af8048bf1b723e2a606db15ef5d700837b0e802967588df1db8fa63d8dfc539
tc_checksum	rotate	0	0	sched_cls	84	84	0	false	1af8048bf1b723e2a606db15ef5d700837b0e802967588df1db8fa63d8dfc539
tc_checksum	cond_select	0	0	sched_cls	84	84	0	false	1af8048bf1b723e2a606db15ef5d700837b0e802967588df1db8fa63d8dfc539
tc_checksum	extract	0	0	sched_cls	84	84	0	false	1af8048bf1b723e2a606db15ef5d700837b0e802967588df1db8fa63d8dfc539
tc_checksum	endian_fusion	0	0	sched_cls	84	84	0	false	1af8048bf1b723e2a606db15ef5d700837b0e802967588df1db8fa63d8dfc539
cgroup_hash_chain	bulk_memory	0	0	cgroup_skb	117	117	0	false	9a27173cb41f30a70070b3ee2d613eefb552d7cc812407afef2b26b3d2a1f3ad
cgroup_hash_chain	rotate	0	0	cgroup_skb	117	117	0	false	9a27173cb41f30a70070b3ee2d613eefb552d7cc812407afef2b26b3d2a1f3ad
cgroup_hash_chain	cond_select	0	0	cgroup_skb	117	117	0	false	9a27173cb41f30a70070b3ee2d613eefb552d7cc812407afef2b26b3d2a1f3ad
cgroup_hash_chain	extract	0	0	cgroup_skb	117	117	0	false	9a27173cb41f30a70070b3ee2d613eefb552d7cc812407afef2b26b3d2a1f3ad
cgroup_hash_chain	endian_fusion	0	0	cgroup_skb	117	117	0	false	9a27173cb41f30a70070b3ee2d613eefb552d7cc812407afef2b26b3d2a1f3ad
