mode	prog_id	rc	opt_sha256	report_sha256	pass_summary
kinsn5	219	0	c9ae8b2f60150f2b6be8e9889a9df61494005c641271ccda8111e59da26bbb80	40d7a60a41532d49b5a1aca3a6b6a6ac164619435484850171036082bf241359	[{"pass":"bulk_memory","changed":false,"sites":0,"before":1194,"after":1194},{"pass":"rotate","changed":false,"sites":0,"before":1194,"after":1194},{"pass":"cond_select","changed":false,"sites":0,"before":1194,"after":1194},{"pass":"extract","changed":false,"sites":0,"before":1194,"after":1194},{"pass":"endian_fusion","changed":false,"sites":0,"before":1194,"after":1194}]
default11	219	0	c9ae8b2f60150f2b6be8e9889a9df61494005c641271ccda8111e59da26bbb80	c8a0fc9ee46d40b70ddd8f9991112e63d00e6cf6c0f830d341eb549c2b4b042f	[{"pass":"map_inline","changed":false,"sites":0,"before":1194,"after":1194},{"pass":"const_prop","changed":false,"sites":0,"before":1194,"after":1194},{"pass":"dce","changed":false,"sites":0,"before":1194,"after":1194},{"pass":"skb_load_bytes_spec","changed":false,"sites":0,"before":1194,"after":1194},{"pass":"bounds_check_merge","changed":false,"sites":0,"before":1194,"after":1194},{"pass":"wide_mem","changed":false,"sites":0,"before":1194,"after":1194},{"pass":"bulk_memory","changed":false,"sites":0,"before":1194,"after":1194},{"pass":"rotate","changed":false,"sites":0,"before":1194,"after":1194},{"pass":"cond_select","changed":false,"sites":0,"before":1194,"after":1194},{"pass":"extract","changed":false,"sites":0,"before":1194,"after":1194},{"pass":"endian_fusion","changed":false,"sites":0,"before":1194,"after":1194}]
kinsn5	235	0	008c2bf227cfd52edba1333b945fd4e8ad7019facd3fc09d4acb8697037ac15a	3a5b48ff0918b0ce74e3319e22cd4fff1ce173ad1bea83c7d939131d477b5bab	[{"pass":"bulk_memory","changed":false,"sites":0,"before":1110,"after":1110},{"pass":"rotate","changed":false,"sites":0,"before":1110,"after":1110},{"pass":"cond_select","changed":false,"sites":0,"before":1110,"after":1110},{"pass":"extract","changed":false,"sites":0,"before":1110,"after":1110},{"pass":"endian_fusion","changed":false,"sites":0,"before":1110,"after":1110}]
default11	235	0	008c2bf227cfd52edba1333b945fd4e8ad7019facd3fc09d4acb8697037ac15a	cfb4af0a64987eca15f51b9144207100a7c4b91b5f065765e2bc18118bb405d3	[{"pass":"map_inline","changed":false,"sites":0,"before":1110,"after":1110},{"pass":"const_prop","changed":false,"sites":0,"before":1110,"after":1110},{"pass":"dce","changed":false,"sites":0,"before":1110,"after":1110},{"pass":"skb_load_bytes_spec","changed":false,"sites":0,"before":1110,"after":1110},{"pass":"bounds_check_merge","changed":false,"sites":0,"before":1110,"after":1110},{"pass":"wide_mem","changed":false,"sites":0,"before":1110,"after":1110},{"pass":"bulk_memory","changed":false,"sites":0,"before":1110,"after":1110},{"pass":"rotate","changed":false,"sites":0,"before":1110,"after":1110},{"pass":"cond_select","changed":false,"sites":0,"before":1110,"after":1110},{"pass":"extract","changed":false,"sites":0,"before":1110,"after":1110},{"pass":"endian_fusion","changed":false,"sites":0,"before":1110,"after":1110}]
kinsn5	262	0	e3db1173b209afb0d8fdb0f00eddec40157da6be7105835d023c79937e826dd9	17c47678aa486d19d01e294e16edb28e1f2058bae705d0a3f9fdf83c713fd1d6	[{"pass":"bulk_memory","changed":false,"sites":0,"before":2174,"after":2174},{"pass":"rotate","changed":false,"sites":0,"before":2174,"after":2174},{"pass":"cond_select","changed":false,"sites":0,"before":2174,"after":2174},{"pass":"extract","changed":false,"sites":0,"before":2174,"after":2174},{"pass":"endian_fusion","changed":false,"sites":0,"before":2174,"after":2174}]
default11	262	1	e3b0c44298fc1c149afbf4c8996fb92427ae41e4649b934ca495991b7852b855	missing	no-report
kinsn5	265	0	29265376651b69b0261517bb6a1aff200fa3619db9dc235a091af9fecb28c247	e9040f68ae51d5962b4fafde1e281dc0c2703f8edcfbd2b72a507901ff64177a	[{"pass":"bulk_memory","changed":false,"sites":0,"before":3582,"after":3582},{"pass":"rotate","changed":false,"sites":0,"before":3582,"after":3582},{"pass":"cond_select","changed":false,"sites":0,"before":3582,"after":3582},{"pass":"extract","changed":false,"sites":0,"before":3582,"after":3582},{"pass":"endian_fusion","changed":false,"sites":0,"before":3582,"after":3582}]
default11	265	1	e3b0c44298fc1c149afbf4c8996fb92427ae41e4649b934ca495991b7852b855	missing	no-report
kinsn5	269	0	833442aa3ff84f9944688afc388b608a43fc9bfa03825657aeed7f1298363fed	e9040f68ae51d5962b4fafde1e281dc0c2703f8edcfbd2b72a507901ff64177a	[{"pass":"bulk_memory","changed":false,"sites":0,"before":3582,"after":3582},{"pass":"rotate","changed":false,"sites":0,"before":3582,"after":3582},{"pass":"cond_select","changed":false,"sites":0,"before":3582,"after":3582},{"pass":"extract","changed":false,"sites":0,"before":3582,"after":3582},{"pass":"endian_fusion","changed":false,"sites":0,"before":3582,"after":3582}]
default11	269	1	e3b0c44298fc1c149afbf4c8996fb92427ae41e4649b934ca495991b7852b855	missing	no-report
kinsn5	271	0	988a5f8202e57aba8cf323485cb8fa5e04ba8ede01c7e98dc817a78faf99ccd5	17c47678aa486d19d01e294e16edb28e1f2058bae705d0a3f9fdf83c713fd1d6	[{"pass":"bulk_memory","changed":false,"sites":0,"before":2174,"after":2174},{"pass":"rotate","changed":false,"sites":0,"before":2174,"after":2174},{"pass":"cond_select","changed":false,"sites":0,"before":2174,"after":2174},{"pass":"extract","changed":false,"sites":0,"before":2174,"after":2174},{"pass":"endian_fusion","changed":false,"sites":0,"before":2174,"after":2174}]
default11	271	1	e3b0c44298fc1c149afbf4c8996fb92427ae41e4649b934ca495991b7852b855	missing	no-report
kinsn5	276	0	d3499ed44bf513d0f283a110e25ed77f2841360195f6a72519ae590c79d8504e	17c47678aa486d19d01e294e16edb28e1f2058bae705d0a3f9fdf83c713fd1d6	[{"pass":"bulk_memory","changed":false,"sites":0,"before":2174,"after":2174},{"pass":"rotate","changed":false,"sites":0,"before":2174,"after":2174},{"pass":"cond_select","changed":false,"sites":0,"before":2174,"after":2174},{"pass":"extract","changed":false,"sites":0,"before":2174,"after":2174},{"pass":"endian_fusion","changed":false,"sites":0,"before":2174,"after":2174}]
default11	276	1	e3b0c44298fc1c149afbf4c8996fb92427ae41e4649b934ca495991b7852b855	missing	no-report
kinsn5	279	0	2b61f9c1e593d15af6868b59f6e6941147ec3570de7d5a121f559996911b3a78	e9040f68ae51d5962b4fafde1e281dc0c2703f8edcfbd2b72a507901ff64177a	[{"pass":"bulk_memory","changed":false,"sites":0,"before":3582,"after":3582},{"pass":"rotate","changed":false,"sites":0,"before":3582,"after":3582},{"pass":"cond_select","changed":false,"sites":0,"before":3582,"after":3582},{"pass":"extract","changed":false,"sites":0,"before":3582,"after":3582},{"pass":"endian_fusion","changed":false,"sites":0,"before":3582,"after":3582}]
default11	279	1	e3b0c44298fc1c149afbf4c8996fb92427ae41e4649b934ca495991b7852b855	missing	no-report
kinsn5	285	0	5f29e8315617152a3861223631e74b0da4c0827a6fea11938fd367a1276f89e7	e9040f68ae51d5962b4fafde1e281dc0c2703f8edcfbd2b72a507901ff64177a	[{"pass":"bulk_memory","changed":false,"sites":0,"before":3582,"after":3582},{"pass":"rotate","changed":false,"sites":0,"before":3582,"after":3582},{"pass":"cond_select","changed":false,"sites":0,"before":3582,"after":3582},{"pass":"extract","changed":false,"sites":0,"before":3582,"after":3582},{"pass":"endian_fusion","changed":false,"sites":0,"before":3582,"after":3582}]
default11	285	1	e3b0c44298fc1c149afbf4c8996fb92427ae41e4649b934ca495991b7852b855	missing	no-report
kinsn5	288	0	217a820369442df3471fca885c7bd7bfeeda1a0ccdd7180a5e051da3af3a3228	17c47678aa486d19d01e294e16edb28e1f2058bae705d0a3f9fdf83c713fd1d6	[{"pass":"bulk_memory","changed":false,"sites":0,"before":2174,"after":2174},{"pass":"rotate","changed":false,"sites":0,"before":2174,"after":2174},{"pass":"cond_select","changed":false,"sites":0,"before":2174,"after":2174},{"pass":"extract","changed":false,"sites":0,"before":2174,"after":2174},{"pass":"endian_fusion","changed":false,"sites":0,"before":2174,"after":2174}]
default11	288	1	e3b0c44298fc1c149afbf4c8996fb92427ae41e4649b934ca495991b7852b855	missing	no-report
kinsn5	290	0	404e5ecedb4a7fab11245bd2e1f7a4778926bf674e0ac79b662c2fb6a45dc506	6a056b1a97421a6a9982a4af71bf35363f90306b6b9276016a6ad21d9ca9d00a	[{"pass":"bulk_memory","changed":true,"sites":3,"before":3041,"after":3035},{"pass":"rotate","changed":false,"sites":0,"before":3035,"after":3035},{"pass":"cond_select","changed":false,"sites":0,"before":3035,"after":3035},{"pass":"extract","changed":true,"sites":1,"before":3035,"after":3035},{"pass":"endian_fusion","changed":false,"sites":0,"before":3035,"after":3035}]
default11	290	0	514e6257590c15a848dd8a755fdd0fb330f545976749dc73dd6a1fe3cb434fa0	07a12a063f62c1000b4f0ae367b2cb74367f25cee3b1f4d0496716370496f40e	[{"pass":"map_inline","changed":false,"sites":0,"before":3041,"after":3041},{"pass":"const_prop","changed":true,"sites":17,"before":3041,"after":3042},{"pass":"dce","changed":false,"sites":0,"before":3042,"after":3042},{"pass":"skb_load_bytes_spec","changed":false,"sites":0,"before":3042,"after":3042},{"pass":"bounds_check_merge","changed":false,"sites":0,"before":3042,"after":3042},{"pass":"wide_mem","changed":true,"sites":4,"before":3042,"after":3030},{"pass":"bulk_memory","changed":true,"sites":3,"before":3030,"after":3024},{"pass":"rotate","changed":false,"sites":0,"before":3024,"after":3024},{"pass":"cond_select","changed":false,"sites":0,"before":3024,"after":3024},{"pass":"extract","changed":true,"sites":1,"before":3024,"after":3024},{"pass":"endian_fusion","changed":false,"sites":0,"before":3024,"after":3024}]
kinsn5	293	0	000eb78e4ab8a0ad150548c40addf73ad53b6ec45ce360e6bffe7430024a13af	e9040f68ae51d5962b4fafde1e281dc0c2703f8edcfbd2b72a507901ff64177a	[{"pass":"bulk_memory","changed":false,"sites":0,"before":3582,"after":3582},{"pass":"rotate","changed":false,"sites":0,"before":3582,"after":3582},{"pass":"cond_select","changed":false,"sites":0,"before":3582,"after":3582},{"pass":"extract","changed":false,"sites":0,"before":3582,"after":3582},{"pass":"endian_fusion","changed":false,"sites":0,"before":3582,"after":3582}]
default11	293	1	e3b0c44298fc1c149afbf4c8996fb92427ae41e4649b934ca495991b7852b855	missing	no-report
kinsn5	295	0	fce4dca31cb9167d0c0c0ab285ea5d404e10895a0bfc9db6a15fc40ef95e111b	17c47678aa486d19d01e294e16edb28e1f2058bae705d0a3f9fdf83c713fd1d6	[{"pass":"bulk_memory","changed":false,"sites":0,"before":2174,"after":2174},{"pass":"rotate","changed":false,"sites":0,"before":2174,"after":2174},{"pass":"cond_select","changed":false,"sites":0,"before":2174,"after":2174},{"pass":"extract","changed":false,"sites":0,"before":2174,"after":2174},{"pass":"endian_fusion","changed":false,"sites":0,"before":2174,"after":2174}]
default11	295	1	e3b0c44298fc1c149afbf4c8996fb92427ae41e4649b934ca495991b7852b855	missing	no-report
kinsn5	300	0	bc95acd10127644a84393fbb289397fd191d25f2af2ca5f89115a3021b8bfe20	e9040f68ae51d5962b4fafde1e281dc0c2703f8edcfbd2b72a507901ff64177a	[{"pass":"bulk_memory","changed":false,"sites":0,"before":3582,"after":3582},{"pass":"rotate","changed":false,"sites":0,"before":3582,"after":3582},{"pass":"cond_select","changed":false,"sites":0,"before":3582,"after":3582},{"pass":"extract","changed":false,"sites":0,"before":3582,"after":3582},{"pass":"endian_fusion","changed":false,"sites":0,"before":3582,"after":3582}]
default11	300	1	e3b0c44298fc1c149afbf4c8996fb92427ae41e4649b934ca495991b7852b855	missing	no-report
kinsn5	301	0	658d2a27a65d115f14e0ef51bea87673b7d77e26e8aef888546e573c5098a984	17c47678aa486d19d01e294e16edb28e1f2058bae705d0a3f9fdf83c713fd1d6	[{"pass":"bulk_memory","changed":false,"sites":0,"before":2174,"after":2174},{"pass":"rotate","changed":false,"sites":0,"before":2174,"after":2174},{"pass":"cond_select","changed":false,"sites":0,"before":2174,"after":2174},{"pass":"extract","changed":false,"sites":0,"before":2174,"after":2174},{"pass":"endian_fusion","changed":false,"sites":0,"before":2174,"after":2174}]
default11	301	1	e3b0c44298fc1c149afbf4c8996fb92427ae41e4649b934ca495991b7852b855	missing	no-report
kinsn5	310	0	fc91154ee9f4a659a3dc16ec760331bd42fbb9bbb1bd015e380009574b5f6d08	17c47678aa486d19d01e294e16edb28e1f2058bae705d0a3f9fdf83c713fd1d6	[{"pass":"bulk_memory","changed":false,"sites":0,"before":2174,"after":2174},{"pass":"rotate","changed":false,"sites":0,"before":2174,"after":2174},{"pass":"cond_select","changed":false,"sites":0,"before":2174,"after":2174},{"pass":"extract","changed":false,"sites":0,"before":2174,"after":2174},{"pass":"endian_fusion","changed":false,"sites":0,"before":2174,"after":2174}]
default11	310	1	e3b0c44298fc1c149afbf4c8996fb92427ae41e4649b934ca495991b7852b855	missing	no-report
kinsn5	312	0	d51dfa2bb80eadd9687aa8beca490aea0fe8539dde96cf6fa74feff858cc1cb5	e9040f68ae51d5962b4fafde1e281dc0c2703f8edcfbd2b72a507901ff64177a	[{"pass":"bulk_memory","changed":false,"sites":0,"before":3582,"after":3582},{"pass":"rotate","changed":false,"sites":0,"before":3582,"after":3582},{"pass":"cond_select","changed":false,"sites":0,"before":3582,"after":3582},{"pass":"extract","changed":false,"sites":0,"before":3582,"after":3582},{"pass":"endian_fusion","changed":false,"sites":0,"before":3582,"after":3582}]
default11	312	1	e3b0c44298fc1c149afbf4c8996fb92427ae41e4649b934ca495991b7852b855	missing	no-report
kinsn5	317	0	0407085fb7a73c51da3b5db44b44794b65e4a45ebdf967e846a61b5ab6fd5e1e	6a056b1a97421a6a9982a4af71bf35363f90306b6b9276016a6ad21d9ca9d00a	[{"pass":"bulk_memory","changed":true,"sites":3,"before":3041,"after":3035},{"pass":"rotate","changed":false,"sites":0,"before":3035,"after":3035},{"pass":"cond_select","changed":false,"sites":0,"before":3035,"after":3035},{"pass":"extract","changed":true,"sites":1,"before":3035,"after":3035},{"pass":"endian_fusion","changed":false,"sites":0,"before":3035,"after":3035}]
default11	317	0	ac39a52cf64b7d0616a8525d705e86e7c534c0957167a6c9a6c6868507976cee	07a12a063f62c1000b4f0ae367b2cb74367f25cee3b1f4d0496716370496f40e	[{"pass":"map_inline","changed":false,"sites":0,"before":3041,"after":3041},{"pass":"const_prop","changed":true,"sites":17,"before":3041,"after":3042},{"pass":"dce","changed":false,"sites":0,"before":3042,"after":3042},{"pass":"skb_load_bytes_spec","changed":false,"sites":0,"before":3042,"after":3042},{"pass":"bounds_check_merge","changed":false,"sites":0,"before":3042,"after":3042},{"pass":"wide_mem","changed":true,"sites":4,"before":3042,"after":3030},{"pass":"bulk_memory","changed":true,"sites":3,"before":3030,"after":3024},{"pass":"rotate","changed":false,"sites":0,"before":3024,"after":3024},{"pass":"cond_select","changed":false,"sites":0,"before":3024,"after":3024},{"pass":"extract","changed":true,"sites":1,"before":3024,"after":3024},{"pass":"endian_fusion","changed":false,"sites":0,"before":3024,"after":3024}]
kinsn5	321	0	a27bbd34e6e25d9dcb09dc929dde57f3be1ed40af5a9ea0312039be5c0960cfa	17c47678aa486d19d01e294e16edb28e1f2058bae705d0a3f9fdf83c713fd1d6	[{"pass":"bulk_memory","changed":false,"sites":0,"before":2174,"after":2174},{"pass":"rotate","changed":false,"sites":0,"before":2174,"after":2174},{"pass":"cond_select","changed":false,"sites":0,"before":2174,"after":2174},{"pass":"extract","changed":false,"sites":0,"before":2174,"after":2174},{"pass":"endian_fusion","changed":false,"sites":0,"before":2174,"after":2174}]
default11	321	1	e3b0c44298fc1c149afbf4c8996fb92427ae41e4649b934ca495991b7852b855	missing	no-report
kinsn5	324	0	de9f5ddccab48a24fb92c0e275f85d354cf685009fdc5e4a0d4d051790f74213	e9040f68ae51d5962b4fafde1e281dc0c2703f8edcfbd2b72a507901ff64177a	[{"pass":"bulk_memory","changed":false,"sites":0,"before":3582,"after":3582},{"pass":"rotate","changed":false,"sites":0,"before":3582,"after":3582},{"pass":"cond_select","changed":false,"sites":0,"before":3582,"after":3582},{"pass":"extract","changed":false,"sites":0,"before":3582,"after":3582},{"pass":"endian_fusion","changed":false,"sites":0,"before":3582,"after":3582}]
default11	324	1	e3b0c44298fc1c149afbf4c8996fb92427ae41e4649b934ca495991b7852b855	missing	no-report
kinsn5	325	0	ddf064cc30cf88a51616cfbb02222b22bc074e89d9158ae99b470aa40d4c397f	17c47678aa486d19d01e294e16edb28e1f2058bae705d0a3f9fdf83c713fd1d6	[{"pass":"bulk_memory","changed":false,"sites":0,"before":2174,"after":2174},{"pass":"rotate","changed":false,"sites":0,"before":2174,"after":2174},{"pass":"cond_select","changed":false,"sites":0,"before":2174,"after":2174},{"pass":"extract","changed":false,"sites":0,"before":2174,"after":2174},{"pass":"endian_fusion","changed":false,"sites":0,"before":2174,"after":2174}]
default11	325	1	e3b0c44298fc1c149afbf4c8996fb92427ae41e4649b934ca495991b7852b855	missing	no-report
kinsn5	330	0	372e46bfd0e8a4190ad37809a19be5fd86aeff6ae113767efd0f2ac0ade80126	e9040f68ae51d5962b4fafde1e281dc0c2703f8edcfbd2b72a507901ff64177a	[{"pass":"bulk_memory","changed":false,"sites":0,"before":3582,"after":3582},{"pass":"rotate","changed":false,"sites":0,"before":3582,"after":3582},{"pass":"cond_select","changed":false,"sites":0,"before":3582,"after":3582},{"pass":"extract","changed":false,"sites":0,"before":3582,"after":3582},{"pass":"endian_fusion","changed":false,"sites":0,"before":3582,"after":3582}]
default11	330	1	e3b0c44298fc1c149afbf4c8996fb92427ae41e4649b934ca495991b7852b855	missing	no-report
kinsn5	334	0	e7a9ad089dfae7c8c9da5620fbffff8eea8d526ddfdc48c3f927d7117351a0cb	e9040f68ae51d5962b4fafde1e281dc0c2703f8edcfbd2b72a507901ff64177a	[{"pass":"bulk_memory","changed":false,"sites":0,"before":3582,"after":3582},{"pass":"rotate","changed":false,"sites":0,"before":3582,"after":3582},{"pass":"cond_select","changed":false,"sites":0,"before":3582,"after":3582},{"pass":"extract","changed":false,"sites":0,"before":3582,"after":3582},{"pass":"endian_fusion","changed":false,"sites":0,"before":3582,"after":3582}]
default11	334	1	e3b0c44298fc1c149afbf4c8996fb92427ae41e4649b934ca495991b7852b855	missing	no-report
kinsn5	335	0	5e6f8a13e319bc8c1fd6c27edb02c69add9f480af139b28789a7bbd266a68b03	17c47678aa486d19d01e294e16edb28e1f2058bae705d0a3f9fdf83c713fd1d6	[{"pass":"bulk_memory","changed":false,"sites":0,"before":2174,"after":2174},{"pass":"rotate","changed":false,"sites":0,"before":2174,"after":2174},{"pass":"cond_select","changed":false,"sites":0,"before":2174,"after":2174},{"pass":"extract","changed":false,"sites":0,"before":2174,"after":2174},{"pass":"endian_fusion","changed":false,"sites":0,"before":2174,"after":2174}]
default11	335	1	e3b0c44298fc1c149afbf4c8996fb92427ae41e4649b934ca495991b7852b855	missing	no-report
kinsn5	342	0	82e280768cca007b4a39f626f0db0ff9e8e9818d375dc0695db2459ce479ce8f	e9040f68ae51d5962b4fafde1e281dc0c2703f8edcfbd2b72a507901ff64177a	[{"pass":"bulk_memory","changed":false,"sites":0,"before":3582,"after":3582},{"pass":"rotate","changed":false,"sites":0,"before":3582,"after":3582},{"pass":"cond_select","changed":false,"sites":0,"before":3582,"after":3582},{"pass":"extract","changed":false,"sites":0,"before":3582,"after":3582},{"pass":"endian_fusion","changed":false,"sites":0,"before":3582,"after":3582}]
default11	342	1	e3b0c44298fc1c149afbf4c8996fb92427ae41e4649b934ca495991b7852b855	missing	no-report
kinsn5	344	0	96ad3ee367deb8ba605ad5087eb2916a388cdfaa46e6f4a20320b36ddc02358c	17c47678aa486d19d01e294e16edb28e1f2058bae705d0a3f9fdf83c713fd1d6	[{"pass":"bulk_memory","changed":false,"sites":0,"before":2174,"after":2174},{"pass":"rotate","changed":false,"sites":0,"before":2174,"after":2174},{"pass":"cond_select","changed":false,"sites":0,"before":2174,"after":2174},{"pass":"extract","changed":false,"sites":0,"before":2174,"after":2174},{"pass":"endian_fusion","changed":false,"sites":0,"before":2174,"after":2174}]
default11	344	1	e3b0c44298fc1c149afbf4c8996fb92427ae41e4649b934ca495991b7852b855	missing	no-report
kinsn5	346	0	8b2c17bc142798252016118948299cbee29013269904adcb8804b994f2ed9684	17c47678aa486d19d01e294e16edb28e1f2058bae705d0a3f9fdf83c713fd1d6	[{"pass":"bulk_memory","changed":false,"sites":0,"before":2174,"after":2174},{"pass":"rotate","changed":false,"sites":0,"before":2174,"after":2174},{"pass":"cond_select","changed":false,"sites":0,"before":2174,"after":2174},{"pass":"extract","changed":false,"sites":0,"before":2174,"after":2174},{"pass":"endian_fusion","changed":false,"sites":0,"before":2174,"after":2174}]
default11	346	1	e3b0c44298fc1c149afbf4c8996fb92427ae41e4649b934ca495991b7852b855	missing	no-report
kinsn5	351	0	da8286891947821a82b3f3c0c69c47391ee0c51243931549f1afcee25cfab79f	e9040f68ae51d5962b4fafde1e281dc0c2703f8edcfbd2b72a507901ff64177a	[{"pass":"bulk_memory","changed":false,"sites":0,"before":3582,"after":3582},{"pass":"rotate","changed":false,"sites":0,"before":3582,"after":3582},{"pass":"cond_select","changed":false,"sites":0,"before":3582,"after":3582},{"pass":"extract","changed":false,"sites":0,"before":3582,"after":3582},{"pass":"endian_fusion","changed":false,"sites":0,"before":3582,"after":3582}]
default11	351	1	e3b0c44298fc1c149afbf4c8996fb92427ae41e4649b934ca495991b7852b855	missing	no-report
kinsn5	354	0	e3e7bdc05df132f416092d3a2721b8c459e8703c83dfcb637adb683ce8fac2b1	e9040f68ae51d5962b4fafde1e281dc0c2703f8edcfbd2b72a507901ff64177a	[{"pass":"bulk_memory","changed":false,"sites":0,"before":3582,"after":3582},{"pass":"rotate","changed":false,"sites":0,"before":3582,"after":3582},{"pass":"cond_select","changed":false,"sites":0,"before":3582,"after":3582},{"pass":"extract","changed":false,"sites":0,"before":3582,"after":3582},{"pass":"endian_fusion","changed":false,"sites":0,"before":3582,"after":3582}]
default11	354	1	e3b0c44298fc1c149afbf4c8996fb92427ae41e4649b934ca495991b7852b855	missing	no-report
kinsn5	355	0	5ff15745c078a7f4a1188095c43e61342da475eb4a2ed95d5c30ec4a39f12a9d	17c47678aa486d19d01e294e16edb28e1f2058bae705d0a3f9fdf83c713fd1d6	[{"pass":"bulk_memory","changed":false,"sites":0,"before":2174,"after":2174},{"pass":"rotate","changed":false,"sites":0,"before":2174,"after":2174},{"pass":"cond_select","changed":false,"sites":0,"before":2174,"after":2174},{"pass":"extract","changed":false,"sites":0,"before":2174,"after":2174},{"pass":"endian_fusion","changed":false,"sites":0,"before":2174,"after":2174}]
default11	355	1	e3b0c44298fc1c149afbf4c8996fb92427ae41e4649b934ca495991b7852b855	missing	no-report
kinsn5	365	0	db4fdd37229cdbc2cfb088a9ec773e85ce466edbd28ba9b36d819a4decba3381	17c47678aa486d19d01e294e16edb28e1f2058bae705d0a3f9fdf83c713fd1d6	[{"pass":"bulk_memory","changed":false,"sites":0,"before":2174,"after":2174},{"pass":"rotate","changed":false,"sites":0,"before":2174,"after":2174},{"pass":"cond_select","changed":false,"sites":0,"before":2174,"after":2174},{"pass":"extract","changed":false,"sites":0,"before":2174,"after":2174},{"pass":"endian_fusion","changed":false,"sites":0,"before":2174,"after":2174}]
default11	365	1	e3b0c44298fc1c149afbf4c8996fb92427ae41e4649b934ca495991b7852b855	missing	no-report
kinsn5	366	0	d6c81627ecb99e51a14b9de16a03aeb3729486f25429410c467e4ecf62bc590c	e9040f68ae51d5962b4fafde1e281dc0c2703f8edcfbd2b72a507901ff64177a	[{"pass":"bulk_memory","changed":false,"sites":0,"before":3582,"after":3582},{"pass":"rotate","changed":false,"sites":0,"before":3582,"after":3582},{"pass":"cond_select","changed":false,"sites":0,"before":3582,"after":3582},{"pass":"extract","changed":false,"sites":0,"before":3582,"after":3582},{"pass":"endian_fusion","changed":false,"sites":0,"before":3582,"after":3582}]
default11	366	1	e3b0c44298fc1c149afbf4c8996fb92427ae41e4649b934ca495991b7852b855	missing	no-report
kinsn5	370	0	d60ba905777d6a4cba3e5e55f9e3afb0d2976939cfd4f51548551421ca4da6a8	6a056b1a97421a6a9982a4af71bf35363f90306b6b9276016a6ad21d9ca9d00a	[{"pass":"bulk_memory","changed":true,"sites":3,"before":3041,"after":3035},{"pass":"rotate","changed":false,"sites":0,"before":3035,"after":3035},{"pass":"cond_select","changed":false,"sites":0,"before":3035,"after":3035},{"pass":"extract","changed":true,"sites":1,"before":3035,"after":3035},{"pass":"endian_fusion","changed":false,"sites":0,"before":3035,"after":3035}]
default11	370	0	b8228ea5a74882cab99cbb069ae9fdce1a5c8da9a02c61d73172e7d0bdd26bf0	07a12a063f62c1000b4f0ae367b2cb74367f25cee3b1f4d0496716370496f40e	[{"pass":"map_inline","changed":false,"sites":0,"before":3041,"after":3041},{"pass":"const_prop","changed":true,"sites":17,"before":3041,"after":3042},{"pass":"dce","changed":false,"sites":0,"before":3042,"after":3042},{"pass":"skb_load_bytes_spec","changed":false,"sites":0,"before":3042,"after":3042},{"pass":"bounds_check_merge","changed":false,"sites":0,"before":3042,"after":3042},{"pass":"wide_mem","changed":true,"sites":4,"before":3042,"after":3030},{"pass":"bulk_memory","changed":true,"sites":3,"before":3030,"after":3024},{"pass":"rotate","changed":false,"sites":0,"before":3024,"after":3024},{"pass":"cond_select","changed":false,"sites":0,"before":3024,"after":3024},{"pass":"extract","changed":true,"sites":1,"before":3024,"after":3024},{"pass":"endian_fusion","changed":false,"sites":0,"before":3024,"after":3024}]
kinsn5	371	0	774ada335487912063f943d415482754da6a174aacf51a1164539955b861c27b	e9040f68ae51d5962b4fafde1e281dc0c2703f8edcfbd2b72a507901ff64177a	[{"pass":"bulk_memory","changed":false,"sites":0,"before":3582,"after":3582},{"pass":"rotate","changed":false,"sites":0,"before":3582,"after":3582},{"pass":"cond_select","changed":false,"sites":0,"before":3582,"after":3582},{"pass":"extract","changed":false,"sites":0,"before":3582,"after":3582},{"pass":"endian_fusion","changed":false,"sites":0,"before":3582,"after":3582}]
default11	371	1	e3b0c44298fc1c149afbf4c8996fb92427ae41e4649b934ca495991b7852b855	missing	no-report
kinsn5	372	0	a39f675c8b7cf64abf132305391613ac292b90c6b9a18b2e7d412947666aceda	17c47678aa486d19d01e294e16edb28e1f2058bae705d0a3f9fdf83c713fd1d6	[{"pass":"bulk_memory","changed":false,"sites":0,"before":2174,"after":2174},{"pass":"rotate","changed":false,"sites":0,"before":2174,"after":2174},{"pass":"cond_select","changed":false,"sites":0,"before":2174,"after":2174},{"pass":"extract","changed":false,"sites":0,"before":2174,"after":2174},{"pass":"endian_fusion","changed":false,"sites":0,"before":2174,"after":2174}]
default11	372	1	e3b0c44298fc1c149afbf4c8996fb92427ae41e4649b934ca495991b7852b855	missing	no-report
kinsn5	380	0	34671034fadc242fbbd63d5d7aee4d9a60186261729719baee9fe4ce6199b8a1	6a056b1a97421a6a9982a4af71bf35363f90306b6b9276016a6ad21d9ca9d00a	[{"pass":"bulk_memory","changed":true,"sites":3,"before":3041,"after":3035},{"pass":"rotate","changed":false,"sites":0,"before":3035,"after":3035},{"pass":"cond_select","changed":false,"sites":0,"before":3035,"after":3035},{"pass":"extract","changed":true,"sites":1,"before":3035,"after":3035},{"pass":"endian_fusion","changed":false,"sites":0,"before":3035,"after":3035}]
default11	380	0	d636e65cb8bde8f91a0ca18e274c83599559425165ac05a510ee8ec78e854e8f	07a12a063f62c1000b4f0ae367b2cb74367f25cee3b1f4d0496716370496f40e	[{"pass":"map_inline","changed":false,"sites":0,"before":3041,"after":3041},{"pass":"const_prop","changed":true,"sites":17,"before":3041,"after":3042},{"pass":"dce","changed":false,"sites":0,"before":3042,"after":3042},{"pass":"skb_load_bytes_spec","changed":false,"sites":0,"before":3042,"after":3042},{"pass":"bounds_check_merge","changed":false,"sites":0,"before":3042,"after":3042},{"pass":"wide_mem","changed":true,"sites":4,"before":3042,"after":3030},{"pass":"bulk_memory","changed":true,"sites":3,"before":3030,"after":3024},{"pass":"rotate","changed":false,"sites":0,"before":3024,"after":3024},{"pass":"cond_select","changed":false,"sites":0,"before":3024,"after":3024},{"pass":"extract","changed":true,"sites":1,"before":3024,"after":3024},{"pass":"endian_fusion","changed":false,"sites":0,"before":3024,"after":3024}]
kinsn5	383	0	2a145c45086ce73669fc262a2b2d27c2273fd4f3e75ca6488940ae6ae4592dde	17c47678aa486d19d01e294e16edb28e1f2058bae705d0a3f9fdf83c713fd1d6	[{"pass":"bulk_memory","changed":false,"sites":0,"before":2174,"after":2174},{"pass":"rotate","changed":false,"sites":0,"before":2174,"after":2174},{"pass":"cond_select","changed":false,"sites":0,"before":2174,"after":2174},{"pass":"extract","changed":false,"sites":0,"before":2174,"after":2174},{"pass":"endian_fusion","changed":false,"sites":0,"before":2174,"after":2174}]
default11	383	1	e3b0c44298fc1c149afbf4c8996fb92427ae41e4649b934ca495991b7852b855	missing	no-report
kinsn5	384	0	63440fe7050fc25c046f638cbc5e8c6cab32f1ab4f5fec8e5cc0321d7832c93c	e9040f68ae51d5962b4fafde1e281dc0c2703f8edcfbd2b72a507901ff64177a	[{"pass":"bulk_memory","changed":false,"sites":0,"before":3582,"after":3582},{"pass":"rotate","changed":false,"sites":0,"before":3582,"after":3582},{"pass":"cond_select","changed":false,"sites":0,"before":3582,"after":3582},{"pass":"extract","changed":false,"sites":0,"before":3582,"after":3582},{"pass":"endian_fusion","changed":false,"sites":0,"before":3582,"after":3582}]
default11	384	1	e3b0c44298fc1c149afbf4c8996fb92427ae41e4649b934ca495991b7852b855	missing	no-report
kinsn5	392	0	770e04ef8594ea95829ed1d8d04ffdaba2f3057f4131fab7453369663429fee6	6a056b1a97421a6a9982a4af71bf35363f90306b6b9276016a6ad21d9ca9d00a	[{"pass":"bulk_memory","changed":true,"sites":3,"before":3041,"after":3035},{"pass":"rotate","changed":false,"sites":0,"before":3035,"after":3035},{"pass":"cond_select","changed":false,"sites":0,"before":3035,"after":3035},{"pass":"extract","changed":true,"sites":1,"before":3035,"after":3035},{"pass":"endian_fusion","changed":false,"sites":0,"before":3035,"after":3035}]
default11	392	0	5f486160cefe0f34c1b1ddb52d224af53656c06e7f430b38000d0c752219e8c5	07a12a063f62c1000b4f0ae367b2cb74367f25cee3b1f4d0496716370496f40e	[{"pass":"map_inline","changed":false,"sites":0,"before":3041,"after":3041},{"pass":"const_prop","changed":true,"sites":17,"before":3041,"after":3042},{"pass":"dce","changed":false,"sites":0,"before":3042,"after":3042},{"pass":"skb_load_bytes_spec","changed":false,"sites":0,"before":3042,"after":3042},{"pass":"bounds_check_merge","changed":false,"sites":0,"before":3042,"after":3042},{"pass":"wide_mem","changed":true,"sites":4,"before":3042,"after":3030},{"pass":"bulk_memory","changed":true,"sites":3,"before":3030,"after":3024},{"pass":"rotate","changed":false,"sites":0,"before":3024,"after":3024},{"pass":"cond_select","changed":false,"sites":0,"before":3024,"after":3024},{"pass":"extract","changed":true,"sites":1,"before":3024,"after":3024},{"pass":"endian_fusion","changed":false,"sites":0,"before":3024,"after":3024}]
kinsn5	393	0	434f1e1ac5f44238534e3f5ad5c7848f0524439aabfd3fc828b46409e65046a4	17c47678aa486d19d01e294e16edb28e1f2058bae705d0a3f9fdf83c713fd1d6	[{"pass":"bulk_memory","changed":false,"sites":0,"before":2174,"after":2174},{"pass":"rotate","changed":false,"sites":0,"before":2174,"after":2174},{"pass":"cond_select","changed":false,"sites":0,"before":2174,"after":2174},{"pass":"extract","changed":false,"sites":0,"before":2174,"after":2174},{"pass":"endian_fusion","changed":false,"sites":0,"before":2174,"after":2174}]
default11	393	1	e3b0c44298fc1c149afbf4c8996fb92427ae41e4649b934ca495991b7852b855	missing	no-report
kinsn5	399	0	7551462ed114a368f17d87eafc471fa657308181d0643a1b2af49318551580bb	e9040f68ae51d5962b4fafde1e281dc0c2703f8edcfbd2b72a507901ff64177a	[{"pass":"bulk_memory","changed":false,"sites":0,"before":3582,"after":3582},{"pass":"rotate","changed":false,"sites":0,"before":3582,"after":3582},{"pass":"cond_select","changed":false,"sites":0,"before":3582,"after":3582},{"pass":"extract","changed":false,"sites":0,"before":3582,"after":3582},{"pass":"endian_fusion","changed":false,"sites":0,"before":3582,"after":3582}]
default11	399	1	e3b0c44298fc1c149afbf4c8996fb92427ae41e4649b934ca495991b7852b855	missing	no-report
kinsn5	402	0	b4970b1ea86556e3d3d78e8330fe48b6ddc3f3b645b3b9754e5d6d4e7bd277c3	6a056b1a97421a6a9982a4af71bf35363f90306b6b9276016a6ad21d9ca9d00a	[{"pass":"bulk_memory","changed":true,"sites":3,"before":3041,"after":3035},{"pass":"rotate","changed":false,"sites":0,"before":3035,"after":3035},{"pass":"cond_select","changed":false,"sites":0,"before":3035,"after":3035},{"pass":"extract","changed":true,"sites":1,"before":3035,"after":3035},{"pass":"endian_fusion","changed":false,"sites":0,"before":3035,"after":3035}]
default11	402	0	b30365092ec77449a49af0cfd817f15f5b9dd569e6f8f17d1a7463ed6b858997	07a12a063f62c1000b4f0ae367b2cb74367f25cee3b1f4d0496716370496f40e	[{"pass":"map_inline","changed":false,"sites":0,"before":3041,"after":3041},{"pass":"const_prop","changed":true,"sites":17,"before":3041,"after":3042},{"pass":"dce","changed":false,"sites":0,"before":3042,"after":3042},{"pass":"skb_load_bytes_spec","changed":false,"sites":0,"before":3042,"after":3042},{"pass":"bounds_check_merge","changed":false,"sites":0,"before":3042,"after":3042},{"pass":"wide_mem","changed":true,"sites":4,"before":3042,"after":3030},{"pass":"bulk_memory","changed":true,"sites":3,"before":3030,"after":3024},{"pass":"rotate","changed":false,"sites":0,"before":3024,"after":3024},{"pass":"cond_select","changed":false,"sites":0,"before":3024,"after":3024},{"pass":"extract","changed":true,"sites":1,"before":3024,"after":3024},{"pass":"endian_fusion","changed":false,"sites":0,"before":3024,"after":3024}]
kinsn5	404	0	2323457489685079e0891f8d8c31938b7aefa61828c67f4d9b08ed322ba32202	e9040f68ae51d5962b4fafde1e281dc0c2703f8edcfbd2b72a507901ff64177a	[{"pass":"bulk_memory","changed":false,"sites":0,"before":3582,"after":3582},{"pass":"rotate","changed":false,"sites":0,"before":3582,"after":3582},{"pass":"cond_select","changed":false,"sites":0,"before":3582,"after":3582},{"pass":"extract","changed":false,"sites":0,"before":3582,"after":3582},{"pass":"endian_fusion","changed":false,"sites":0,"before":3582,"after":3582}]
default11	404	1	e3b0c44298fc1c149afbf4c8996fb92427ae41e4649b934ca495991b7852b855	missing	no-report
kinsn5	406	0	e3d84e0c326712d39374efa0b31b6c11efc7eaf067f7a18d739fcd033a56d433	17c47678aa486d19d01e294e16edb28e1f2058bae705d0a3f9fdf83c713fd1d6	[{"pass":"bulk_memory","changed":false,"sites":0,"before":2174,"after":2174},{"pass":"rotate","changed":false,"sites":0,"before":2174,"after":2174},{"pass":"cond_select","changed":false,"sites":0,"before":2174,"after":2174},{"pass":"extract","changed":false,"sites":0,"before":2174,"after":2174},{"pass":"endian_fusion","changed":false,"sites":0,"before":2174,"after":2174}]
default11	406	1	e3b0c44298fc1c149afbf4c8996fb92427ae41e4649b934ca495991b7852b855	missing	no-report
kinsn5	412	0	7cff4a0f230b6c3937a6f4e058ecbe9db703173d368d964936fcdb061a826fba	6a056b1a97421a6a9982a4af71bf35363f90306b6b9276016a6ad21d9ca9d00a	[{"pass":"bulk_memory","changed":true,"sites":3,"before":3041,"after":3035},{"pass":"rotate","changed":false,"sites":0,"before":3035,"after":3035},{"pass":"cond_select","changed":false,"sites":0,"before":3035,"after":3035},{"pass":"extract","changed":true,"sites":1,"before":3035,"after":3035},{"pass":"endian_fusion","changed":false,"sites":0,"before":3035,"after":3035}]
default11	412	0	3eb97c498eebbe05f9e1c368d27abbec9b86e7151aaf4d4c9e32173daf46ffc8	07a12a063f62c1000b4f0ae367b2cb74367f25cee3b1f4d0496716370496f40e	[{"pass":"map_inline","changed":false,"sites":0,"before":3041,"after":3041},{"pass":"const_prop","changed":true,"sites":17,"before":3041,"after":3042},{"pass":"dce","changed":false,"sites":0,"before":3042,"after":3042},{"pass":"skb_load_bytes_spec","changed":false,"sites":0,"before":3042,"after":3042},{"pass":"bounds_check_merge","changed":false,"sites":0,"before":3042,"after":3042},{"pass":"wide_mem","changed":true,"sites":4,"before":3042,"after":3030},{"pass":"bulk_memory","changed":true,"sites":3,"before":3030,"after":3024},{"pass":"rotate","changed":false,"sites":0,"before":3024,"after":3024},{"pass":"cond_select","changed":false,"sites":0,"before":3024,"after":3024},{"pass":"extract","changed":true,"sites":1,"before":3024,"after":3024},{"pass":"endian_fusion","changed":false,"sites":0,"before":3024,"after":3024}]
kinsn5	416	0	99cb5ceefe1228f4abdefdaf2084142b25b1504af367484bc150d3d525b3c9b5	e9040f68ae51d5962b4fafde1e281dc0c2703f8edcfbd2b72a507901ff64177a	[{"pass":"bulk_memory","changed":false,"sites":0,"before":3582,"after":3582},{"pass":"rotate","changed":false,"sites":0,"before":3582,"after":3582},{"pass":"cond_select","changed":false,"sites":0,"before":3582,"after":3582},{"pass":"extract","changed":false,"sites":0,"before":3582,"after":3582},{"pass":"endian_fusion","changed":false,"sites":0,"before":3582,"after":3582}]
default11	416	1	e3b0c44298fc1c149afbf4c8996fb92427ae41e4649b934ca495991b7852b855	missing	no-report
kinsn5	420	0	9c9adef95748f39d12f368a6fbfde0eb69396a07766d718da8bc2c3b30b2235c	17c47678aa486d19d01e294e16edb28e1f2058bae705d0a3f9fdf83c713fd1d6	[{"pass":"bulk_memory","changed":false,"sites":0,"before":2174,"after":2174},{"pass":"rotate","changed":false,"sites":0,"before":2174,"after":2174},{"pass":"cond_select","changed":false,"sites":0,"before":2174,"after":2174},{"pass":"extract","changed":false,"sites":0,"before":2174,"after":2174},{"pass":"endian_fusion","changed":false,"sites":0,"before":2174,"after":2174}]
default11	420	1	e3b0c44298fc1c149afbf4c8996fb92427ae41e4649b934ca495991b7852b855	missing	no-report
kinsn5	424	0	a74bac24d88477ab13f0c1a685a01b5cf2b0d4b3fdb739a98b34e834982e5eb6	17c47678aa486d19d01e294e16edb28e1f2058bae705d0a3f9fdf83c713fd1d6	[{"pass":"bulk_memory","changed":false,"sites":0,"before":2174,"after":2174},{"pass":"rotate","changed":false,"sites":0,"before":2174,"after":2174},{"pass":"cond_select","changed":false,"sites":0,"before":2174,"after":2174},{"pass":"extract","changed":false,"sites":0,"before":2174,"after":2174},{"pass":"endian_fusion","changed":false,"sites":0,"before":2174,"after":2174}]
default11	424	1	e3b0c44298fc1c149afbf4c8996fb92427ae41e4649b934ca495991b7852b855	missing	no-report
kinsn5	425	0	e0ead3eb762197a8e36a5770732548f6bc62709cdcd26e57511171a4632bb8a0	e9040f68ae51d5962b4fafde1e281dc0c2703f8edcfbd2b72a507901ff64177a	[{"pass":"bulk_memory","changed":false,"sites":0,"before":3582,"after":3582},{"pass":"rotate","changed":false,"sites":0,"before":3582,"after":3582},{"pass":"cond_select","changed":false,"sites":0,"before":3582,"after":3582},{"pass":"extract","changed":false,"sites":0,"before":3582,"after":3582},{"pass":"endian_fusion","changed":false,"sites":0,"before":3582,"after":3582}]
default11	425	1	e3b0c44298fc1c149afbf4c8996fb92427ae41e4649b934ca495991b7852b855	missing	no-report
kinsn5	431	0	f3816715096b5b2f6a5fa4071a7f8f26978fc74d9580b0f15fe1240974755c65	e9040f68ae51d5962b4fafde1e281dc0c2703f8edcfbd2b72a507901ff64177a	[{"pass":"bulk_memory","changed":false,"sites":0,"before":3582,"after":3582},{"pass":"rotate","changed":false,"sites":0,"before":3582,"after":3582},{"pass":"cond_select","changed":false,"sites":0,"before":3582,"after":3582},{"pass":"extract","changed":false,"sites":0,"before":3582,"after":3582},{"pass":"endian_fusion","changed":false,"sites":0,"before":3582,"after":3582}]
default11	431	1	e3b0c44298fc1c149afbf4c8996fb92427ae41e4649b934ca495991b7852b855	missing	no-report
kinsn5	434	0	a45c4c8b0a69a4b1265ef7c4a3770b9059e13807aba1b32fd8ae963390b1ae18	17c47678aa486d19d01e294e16edb28e1f2058bae705d0a3f9fdf83c713fd1d6	[{"pass":"bulk_memory","changed":false,"sites":0,"before":2174,"after":2174},{"pass":"rotate","changed":false,"sites":0,"before":2174,"after":2174},{"pass":"cond_select","changed":false,"sites":0,"before":2174,"after":2174},{"pass":"extract","changed":false,"sites":0,"before":2174,"after":2174},{"pass":"endian_fusion","changed":false,"sites":0,"before":2174,"after":2174}]
default11	434	1	e3b0c44298fc1c149afbf4c8996fb92427ae41e4649b934ca495991b7852b855	missing	no-report
kinsn5	437	0	adc4ca2e738132bfd49f845b26fff8b0eb8df5088405c1a7709c76713ac44fd4	17c47678aa486d19d01e294e16edb28e1f2058bae705d0a3f9fdf83c713fd1d6	[{"pass":"bulk_memory","changed":false,"sites":0,"before":2174,"after":2174},{"pass":"rotate","changed":false,"sites":0,"before":2174,"after":2174},{"pass":"cond_select","changed":false,"sites":0,"before":2174,"after":2174},{"pass":"extract","changed":false,"sites":0,"before":2174,"after":2174},{"pass":"endian_fusion","changed":false,"sites":0,"before":2174,"after":2174}]
default11	437	1	e3b0c44298fc1c149afbf4c8996fb92427ae41e4649b934ca495991b7852b855	missing	no-report
kinsn5	439	0	fb8052d9750cef90cb58d46cb76b7b46724b532d7a88c602acf32486b85c4ba2	61c6bae3ea82f6b83d3f72d035f55bd950de44d21245840b38c42af63c8801e6	[{"pass":"bulk_memory","changed":false,"sites":0,"before":3136,"after":3136},{"pass":"rotate","changed":false,"sites":0,"before":3136,"after":3136},{"pass":"cond_select","changed":false,"sites":0,"before":3136,"after":3136},{"pass":"extract","changed":false,"sites":0,"before":3136,"after":3136},{"pass":"endian_fusion","changed":false,"sites":0,"before":3136,"after":3136}]
default11	439	1	e3b0c44298fc1c149afbf4c8996fb92427ae41e4649b934ca495991b7852b855	missing	no-report
kinsn5	446	0	744279319315b246c58275e0cafadc7b1bf0a7befca6f311ed38f5acbd316238	e9040f68ae51d5962b4fafde1e281dc0c2703f8edcfbd2b72a507901ff64177a	[{"pass":"bulk_memory","changed":false,"sites":0,"before":3582,"after":3582},{"pass":"rotate","changed":false,"sites":0,"before":3582,"after":3582},{"pass":"cond_select","changed":false,"sites":0,"before":3582,"after":3582},{"pass":"extract","changed":false,"sites":0,"before":3582,"after":3582},{"pass":"endian_fusion","changed":false,"sites":0,"before":3582,"after":3582}]
default11	446	1	e3b0c44298fc1c149afbf4c8996fb92427ae41e4649b934ca495991b7852b855	missing	no-report
kinsn5	447	0	cc8283072ff72741d153676f4aa68061138a446c42cc6975e67c66d6bf01aadc	17c47678aa486d19d01e294e16edb28e1f2058bae705d0a3f9fdf83c713fd1d6	[{"pass":"bulk_memory","changed":false,"sites":0,"before":2174,"after":2174},{"pass":"rotate","changed":false,"sites":0,"before":2174,"after":2174},{"pass":"cond_select","changed":false,"sites":0,"before":2174,"after":2174},{"pass":"extract","changed":false,"sites":0,"before":2174,"after":2174},{"pass":"endian_fusion","changed":false,"sites":0,"before":2174,"after":2174}]
default11	447	1	e3b0c44298fc1c149afbf4c8996fb92427ae41e4649b934ca495991b7852b855	missing	no-report
kinsn5	449	0	0a42f5c2d2defdc11484a48b263a8a10e438d5df3b5422633ddba2c86568093c	e9040f68ae51d5962b4fafde1e281dc0c2703f8edcfbd2b72a507901ff64177a	[{"pass":"bulk_memory","changed":false,"sites":0,"before":3582,"after":3582},{"pass":"rotate","changed":false,"sites":0,"before":3582,"after":3582},{"pass":"cond_select","changed":false,"sites":0,"before":3582,"after":3582},{"pass":"extract","changed":false,"sites":0,"before":3582,"after":3582},{"pass":"endian_fusion","changed":false,"sites":0,"before":3582,"after":3582}]
default11	449	1	e3b0c44298fc1c149afbf4c8996fb92427ae41e4649b934ca495991b7852b855	missing	no-report
kinsn5	451	0	9fc457d8b9fc2585c565b10befd60f8de93545f1e976b9da639b5b7b03887652	17c47678aa486d19d01e294e16edb28e1f2058bae705d0a3f9fdf83c713fd1d6	[{"pass":"bulk_memory","changed":false,"sites":0,"before":2174,"after":2174},{"pass":"rotate","changed":false,"sites":0,"before":2174,"after":2174},{"pass":"cond_select","changed":false,"sites":0,"before":2174,"after":2174},{"pass":"extract","changed":false,"sites":0,"before":2174,"after":2174},{"pass":"endian_fusion","changed":false,"sites":0,"before":2174,"after":2174}]
default11	451	1	e3b0c44298fc1c149afbf4c8996fb92427ae41e4649b934ca495991b7852b855	missing	no-report
kinsn5	457	0	a1fada6c866d09997294b14466a260a53886c2da1018a4dbec585c5450fab465	17c47678aa486d19d01e294e16edb28e1f2058bae705d0a3f9fdf83c713fd1d6	[{"pass":"bulk_memory","changed":false,"sites":0,"before":2174,"after":2174},{"pass":"rotate","changed":false,"sites":0,"before":2174,"after":2174},{"pass":"cond_select","changed":false,"sites":0,"before":2174,"after":2174},{"pass":"extract","changed":false,"sites":0,"before":2174,"after":2174},{"pass":"endian_fusion","changed":false,"sites":0,"before":2174,"after":2174}]
default11	457	1	e3b0c44298fc1c149afbf4c8996fb92427ae41e4649b934ca495991b7852b855	missing	no-report
kinsn5	461	0	fdc1d66a6abc2e3a7730cba7d2a47a0defb9f29835325abd51f292a89f4b8c4e	e9040f68ae51d5962b4fafde1e281dc0c2703f8edcfbd2b72a507901ff64177a	[{"pass":"bulk_memory","changed":false,"sites":0,"before":3582,"after":3582},{"pass":"rotate","changed":false,"sites":0,"before":3582,"after":3582},{"pass":"cond_select","changed":false,"sites":0,"before":3582,"after":3582},{"pass":"extract","changed":false,"sites":0,"before":3582,"after":3582},{"pass":"endian_fusion","changed":false,"sites":0,"before":3582,"after":3582}]
default11	461	1	e3b0c44298fc1c149afbf4c8996fb92427ae41e4649b934ca495991b7852b855	missing	no-report
kinsn5	463	0	11b8b492166e3fb439793f4cc6aa080e65b4191a224533bbc14de45716affcad	17c47678aa486d19d01e294e16edb28e1f2058bae705d0a3f9fdf83c713fd1d6	[{"pass":"bulk_memory","changed":false,"sites":0,"before":2174,"after":2174},{"pass":"rotate","changed":false,"sites":0,"before":2174,"after":2174},{"pass":"cond_select","changed":false,"sites":0,"before":2174,"after":2174},{"pass":"extract","changed":false,"sites":0,"before":2174,"after":2174},{"pass":"endian_fusion","changed":false,"sites":0,"before":2174,"after":2174}]
default11	463	1	e3b0c44298fc1c149afbf4c8996fb92427ae41e4649b934ca495991b7852b855	missing	no-report
kinsn5	469	0	4b6b8f0165830338b08c49409bee0c40b5946d19027ce604dfdaa48119069e83	e9040f68ae51d5962b4fafde1e281dc0c2703f8edcfbd2b72a507901ff64177a	[{"pass":"bulk_memory","changed":false,"sites":0,"before":3582,"after":3582},{"pass":"rotate","changed":false,"sites":0,"before":3582,"after":3582},{"pass":"cond_select","changed":false,"sites":0,"before":3582,"after":3582},{"pass":"extract","changed":false,"sites":0,"before":3582,"after":3582},{"pass":"endian_fusion","changed":false,"sites":0,"before":3582,"after":3582}]
default11	469	1	e3b0c44298fc1c149afbf4c8996fb92427ae41e4649b934ca495991b7852b855	missing	no-report
kinsn5	474	0	739a0e92cbd14e4cfc4cce62b35de6ee3691786585fb400656f12e74c77979a5	e9040f68ae51d5962b4fafde1e281dc0c2703f8edcfbd2b72a507901ff64177a	[{"pass":"bulk_memory","changed":false,"sites":0,"before":3582,"after":3582},{"pass":"rotate","changed":false,"sites":0,"before":3582,"after":3582},{"pass":"cond_select","changed":false,"sites":0,"before":3582,"after":3582},{"pass":"extract","changed":false,"sites":0,"before":3582,"after":3582},{"pass":"endian_fusion","changed":false,"sites":0,"before":3582,"after":3582}]
default11	474	1	e3b0c44298fc1c149afbf4c8996fb92427ae41e4649b934ca495991b7852b855	missing	no-report
kinsn5	476	0	fc40b412c0c983e1ee651ae589c2bbf9f177a7fbe5bcba722d4ab0c52efa9c24	17c47678aa486d19d01e294e16edb28e1f2058bae705d0a3f9fdf83c713fd1d6	[{"pass":"bulk_memory","changed":false,"sites":0,"before":2174,"after":2174},{"pass":"rotate","changed":false,"sites":0,"before":2174,"after":2174},{"pass":"cond_select","changed":false,"sites":0,"before":2174,"after":2174},{"pass":"extract","changed":false,"sites":0,"before":2174,"after":2174},{"pass":"endian_fusion","changed":false,"sites":0,"before":2174,"after":2174}]
default11	476	1	e3b0c44298fc1c149afbf4c8996fb92427ae41e4649b934ca495991b7852b855	missing	no-report
kinsn5	480	0	02b0b7d0898a4bf8f5bee966983c21798e2efa463aa3e6fab2a7c7e4112d6d72	6a056b1a97421a6a9982a4af71bf35363f90306b6b9276016a6ad21d9ca9d00a	[{"pass":"bulk_memory","changed":true,"sites":3,"before":3041,"after":3035},{"pass":"rotate","changed":false,"sites":0,"before":3035,"after":3035},{"pass":"cond_select","changed":false,"sites":0,"before":3035,"after":3035},{"pass":"extract","changed":true,"sites":1,"before":3035,"after":3035},{"pass":"endian_fusion","changed":false,"sites":0,"before":3035,"after":3035}]
default11	480	0	82de0548f19f66dedc16ae3440cbb851146483b8f6cb3874ed5aebefcd6f1f84	07a12a063f62c1000b4f0ae367b2cb74367f25cee3b1f4d0496716370496f40e	[{"pass":"map_inline","changed":false,"sites":0,"before":3041,"after":3041},{"pass":"const_prop","changed":true,"sites":17,"before":3041,"after":3042},{"pass":"dce","changed":false,"sites":0,"before":3042,"after":3042},{"pass":"skb_load_bytes_spec","changed":false,"sites":0,"before":3042,"after":3042},{"pass":"bounds_check_merge","changed":false,"sites":0,"before":3042,"after":3042},{"pass":"wide_mem","changed":true,"sites":4,"before":3042,"after":3030},{"pass":"bulk_memory","changed":true,"sites":3,"before":3030,"after":3024},{"pass":"rotate","changed":false,"sites":0,"before":3024,"after":3024},{"pass":"cond_select","changed":false,"sites":0,"before":3024,"after":3024},{"pass":"extract","changed":true,"sites":1,"before":3024,"after":3024},{"pass":"endian_fusion","changed":false,"sites":0,"before":3024,"after":3024}]
kinsn5	481	0	bc506ba609e25a33c57e47579337cc9faa101c3e0a6e3e8f5a8d5dde48676e08	e9040f68ae51d5962b4fafde1e281dc0c2703f8edcfbd2b72a507901ff64177a	[{"pass":"bulk_memory","changed":false,"sites":0,"before":3582,"after":3582},{"pass":"rotate","changed":false,"sites":0,"before":3582,"after":3582},{"pass":"cond_select","changed":false,"sites":0,"before":3582,"after":3582},{"pass":"extract","changed":false,"sites":0,"before":3582,"after":3582},{"pass":"endian_fusion","changed":false,"sites":0,"before":3582,"after":3582}]
default11	481	1	e3b0c44298fc1c149afbf4c8996fb92427ae41e4649b934ca495991b7852b855	missing	no-report
kinsn5	487	0	a8364d1f068c57a09d89c70557961e5805655e1f45ce019658dba4268fdfbb1f	17c47678aa486d19d01e294e16edb28e1f2058bae705d0a3f9fdf83c713fd1d6	[{"pass":"bulk_memory","changed":false,"sites":0,"before":2174,"after":2174},{"pass":"rotate","changed":false,"sites":0,"before":2174,"after":2174},{"pass":"cond_select","changed":false,"sites":0,"before":2174,"after":2174},{"pass":"extract","changed":false,"sites":0,"before":2174,"after":2174},{"pass":"endian_fusion","changed":false,"sites":0,"before":2174,"after":2174}]
default11	487	1	e3b0c44298fc1c149afbf4c8996fb92427ae41e4649b934ca495991b7852b855	missing	no-report
kinsn5	489	0	c9434a14a3a1035660338f3145008b16d9e25121d9f1d8bcb1e9e42a0f27398a	e9040f68ae51d5962b4fafde1e281dc0c2703f8edcfbd2b72a507901ff64177a	[{"pass":"bulk_memory","changed":false,"sites":0,"before":3582,"after":3582},{"pass":"rotate","changed":false,"sites":0,"before":3582,"after":3582},{"pass":"cond_select","changed":false,"sites":0,"before":3582,"after":3582},{"pass":"extract","changed":false,"sites":0,"before":3582,"after":3582},{"pass":"endian_fusion","changed":false,"sites":0,"before":3582,"after":3582}]
default11	489	1	e3b0c44298fc1c149afbf4c8996fb92427ae41e4649b934ca495991b7852b855	missing	no-report
kinsn5	490	0	274c4dde153948096f392da219256138ba0c00f7eee82934eeed0099aa265630	17c47678aa486d19d01e294e16edb28e1f2058bae705d0a3f9fdf83c713fd1d6	[{"pass":"bulk_memory","changed":false,"sites":0,"before":2174,"after":2174},{"pass":"rotate","changed":false,"sites":0,"before":2174,"after":2174},{"pass":"cond_select","changed":false,"sites":0,"before":2174,"after":2174},{"pass":"extract","changed":false,"sites":0,"before":2174,"after":2174},{"pass":"endian_fusion","changed":false,"sites":0,"before":2174,"after":2174}]
default11	490	1	e3b0c44298fc1c149afbf4c8996fb92427ae41e4649b934ca495991b7852b855	missing	no-report
kinsn5	495	0	e9b8061df35ed053fd165b684a8663879e219d1b5c2cabc110901e31f1e6a9fe	e9040f68ae51d5962b4fafde1e281dc0c2703f8edcfbd2b72a507901ff64177a	[{"pass":"bulk_memory","changed":false,"sites":0,"before":3582,"after":3582},{"pass":"rotate","changed":false,"sites":0,"before":3582,"after":3582},{"pass":"cond_select","changed":false,"sites":0,"before":3582,"after":3582},{"pass":"extract","changed":false,"sites":0,"before":3582,"after":3582},{"pass":"endian_fusion","changed":false,"sites":0,"before":3582,"after":3582}]
default11	495	1	e3b0c44298fc1c149afbf4c8996fb92427ae41e4649b934ca495991b7852b855	missing	no-report
kinsn5	499	0	77d3c5f139ba6557c616b44354d9ff0255b5c7d6c30cbdffad34c90ab7b2e362	17c47678aa486d19d01e294e16edb28e1f2058bae705d0a3f9fdf83c713fd1d6	[{"pass":"bulk_memory","changed":false,"sites":0,"before":2174,"after":2174},{"pass":"rotate","changed":false,"sites":0,"before":2174,"after":2174},{"pass":"cond_select","changed":false,"sites":0,"before":2174,"after":2174},{"pass":"extract","changed":false,"sites":0,"before":2174,"after":2174},{"pass":"endian_fusion","changed":false,"sites":0,"before":2174,"after":2174}]
default11	499	1	e3b0c44298fc1c149afbf4c8996fb92427ae41e4649b934ca495991b7852b855	missing	no-report
kinsn5	504	0	bbcaeb8ec01232daa2f98f50fbd908d99e18942a3424f7b6472b8effcbb5a606	e9040f68ae51d5962b4fafde1e281dc0c2703f8edcfbd2b72a507901ff64177a	[{"pass":"bulk_memory","changed":false,"sites":0,"before":3582,"after":3582},{"pass":"rotate","changed":false,"sites":0,"before":3582,"after":3582},{"pass":"cond_select","changed":false,"sites":0,"before":3582,"after":3582},{"pass":"extract","changed":false,"sites":0,"before":3582,"after":3582},{"pass":"endian_fusion","changed":false,"sites":0,"before":3582,"after":3582}]
default11	504	1	e3b0c44298fc1c149afbf4c8996fb92427ae41e4649b934ca495991b7852b855	missing	no-report
kinsn5	506	0	399792fd39bc1bc066c2e5a6a5ce0d2c33c7391b99ef2b3794b5821493c7de68	17c47678aa486d19d01e294e16edb28e1f2058bae705d0a3f9fdf83c713fd1d6	[{"pass":"bulk_memory","changed":false,"sites":0,"before":2174,"after":2174},{"pass":"rotate","changed":false,"sites":0,"before":2174,"after":2174},{"pass":"cond_select","changed":false,"sites":0,"before":2174,"after":2174},{"pass":"extract","changed":false,"sites":0,"before":2174,"after":2174},{"pass":"endian_fusion","changed":false,"sites":0,"before":2174,"after":2174}]
default11	506	1	e3b0c44298fc1c149afbf4c8996fb92427ae41e4649b934ca495991b7852b855	missing	no-report
kinsn5	512	0	5619c3797552b2040862d374c3d99a018c09467c180320b444a22a7989f81745	6a056b1a97421a6a9982a4af71bf35363f90306b6b9276016a6ad21d9ca9d00a	[{"pass":"bulk_memory","changed":true,"sites":3,"before":3041,"after":3035},{"pass":"rotate","changed":false,"sites":0,"before":3035,"after":3035},{"pass":"cond_select","changed":false,"sites":0,"before":3035,"after":3035},{"pass":"extract","changed":true,"sites":1,"before":3035,"after":3035},{"pass":"endian_fusion","changed":false,"sites":0,"before":3035,"after":3035}]
default11	512	0	905991e7dd7957fff342d1f6062730a37ba1ac897a5a135b0ea4d7a2e392025f	07a12a063f62c1000b4f0ae367b2cb74367f25cee3b1f4d0496716370496f40e	[{"pass":"map_inline","changed":false,"sites":0,"before":3041,"after":3041},{"pass":"const_prop","changed":true,"sites":17,"before":3041,"after":3042},{"pass":"dce","changed":false,"sites":0,"before":3042,"after":3042},{"pass":"skb_load_bytes_spec","changed":false,"sites":0,"before":3042,"after":3042},{"pass":"bounds_check_merge","changed":false,"sites":0,"before":3042,"after":3042},{"pass":"wide_mem","changed":true,"sites":4,"before":3042,"after":3030},{"pass":"bulk_memory","changed":true,"sites":3,"before":3030,"after":3024},{"pass":"rotate","changed":false,"sites":0,"before":3024,"after":3024},{"pass":"cond_select","changed":false,"sites":0,"before":3024,"after":3024},{"pass":"extract","changed":true,"sites":1,"before":3024,"after":3024},{"pass":"endian_fusion","changed":false,"sites":0,"before":3024,"after":3024}]
kinsn5	513	0	8168297d4c4e346a19a96e180b06f3e949cd3e896a38e807443c5a3c802fde96	17c47678aa486d19d01e294e16edb28e1f2058bae705d0a3f9fdf83c713fd1d6	[{"pass":"bulk_memory","changed":false,"sites":0,"before":2174,"after":2174},{"pass":"rotate","changed":false,"sites":0,"before":2174,"after":2174},{"pass":"cond_select","changed":false,"sites":0,"before":2174,"after":2174},{"pass":"extract","changed":false,"sites":0,"before":2174,"after":2174},{"pass":"endian_fusion","changed":false,"sites":0,"before":2174,"after":2174}]
default11	513	1	e3b0c44298fc1c149afbf4c8996fb92427ae41e4649b934ca495991b7852b855	missing	no-report
kinsn5	519	0	f4548e11ba8103ed74c69dbb007f33df4672bbc57578ffdf7459f1ff052d53c4	e9040f68ae51d5962b4fafde1e281dc0c2703f8edcfbd2b72a507901ff64177a	[{"pass":"bulk_memory","changed":false,"sites":0,"before":3582,"after":3582},{"pass":"rotate","changed":false,"sites":0,"before":3582,"after":3582},{"pass":"cond_select","changed":false,"sites":0,"before":3582,"after":3582},{"pass":"extract","changed":false,"sites":0,"before":3582,"after":3582},{"pass":"endian_fusion","changed":false,"sites":0,"before":3582,"after":3582}]
default11	519	1	e3b0c44298fc1c149afbf4c8996fb92427ae41e4649b934ca495991b7852b855	missing	no-report
kinsn5	524	0	18be66c3d60d8aeef4b0e41aa1a7c182ada4a99952fd57a69eab5f25d5405a71	17c47678aa486d19d01e294e16edb28e1f2058bae705d0a3f9fdf83c713fd1d6	[{"pass":"bulk_memory","changed":false,"sites":0,"before":2174,"after":2174},{"pass":"rotate","changed":false,"sites":0,"before":2174,"after":2174},{"pass":"cond_select","changed":false,"sites":0,"before":2174,"after":2174},{"pass":"extract","changed":false,"sites":0,"before":2174,"after":2174},{"pass":"endian_fusion","changed":false,"sites":0,"before":2174,"after":2174}]
default11	524	1	e3b0c44298fc1c149afbf4c8996fb92427ae41e4649b934ca495991b7852b855	missing	no-report
kinsn5	526	0	1545972a2477a7cb8457dfd6f6925680312e3ff214a706a4701ea6d670a328b8	e9040f68ae51d5962b4fafde1e281dc0c2703f8edcfbd2b72a507901ff64177a	[{"pass":"bulk_memory","changed":false,"sites":0,"before":3582,"after":3582},{"pass":"rotate","changed":false,"sites":0,"before":3582,"after":3582},{"pass":"cond_select","changed":false,"sites":0,"before":3582,"after":3582},{"pass":"extract","changed":false,"sites":0,"before":3582,"after":3582},{"pass":"endian_fusion","changed":false,"sites":0,"before":3582,"after":3582}]
default11	526	1	e3b0c44298fc1c149afbf4c8996fb92427ae41e4649b934ca495991b7852b855	missing	no-report
kinsn5	528	0	09a59cdc4ebeed3cd09b8e38e8f4aa97b0eced456e0a4badb6e184b8b7c83484	e9040f68ae51d5962b4fafde1e281dc0c2703f8edcfbd2b72a507901ff64177a	[{"pass":"bulk_memory","changed":false,"sites":0,"before":3582,"after":3582},{"pass":"rotate","changed":false,"sites":0,"before":3582,"after":3582},{"pass":"cond_select","changed":false,"sites":0,"before":3582,"after":3582},{"pass":"extract","changed":false,"sites":0,"before":3582,"after":3582},{"pass":"endian_fusion","changed":false,"sites":0,"before":3582,"after":3582}]
default11	528	1	e3b0c44298fc1c149afbf4c8996fb92427ae41e4649b934ca495991b7852b855	missing	no-report
kinsn5	529	0	8e5fe86e3d017e4ca9f3aa84fe20f9dd64b26e59206fec35c80f3bd815718246	17c47678aa486d19d01e294e16edb28e1f2058bae705d0a3f9fdf83c713fd1d6	[{"pass":"bulk_memory","changed":false,"sites":0,"before":2174,"after":2174},{"pass":"rotate","changed":false,"sites":0,"before":2174,"after":2174},{"pass":"cond_select","changed":false,"sites":0,"before":2174,"after":2174},{"pass":"extract","changed":false,"sites":0,"before":2174,"after":2174},{"pass":"endian_fusion","changed":false,"sites":0,"before":2174,"after":2174}]
default11	529	1	e3b0c44298fc1c149afbf4c8996fb92427ae41e4649b934ca495991b7852b855	missing	no-report
kinsn5	537	0	9b84943d91f59c25e45804b2e33c8b00c7c7f81ef3c058fe532124a50b1b5eee	17c47678aa486d19d01e294e16edb28e1f2058bae705d0a3f9fdf83c713fd1d6	[{"pass":"bulk_memory","changed":false,"sites":0,"before":2174,"after":2174},{"pass":"rotate","changed":false,"sites":0,"before":2174,"after":2174},{"pass":"cond_select","changed":false,"sites":0,"before":2174,"after":2174},{"pass":"extract","changed":false,"sites":0,"before":2174,"after":2174},{"pass":"endian_fusion","changed":false,"sites":0,"before":2174,"after":2174}]
default11	537	1	e3b0c44298fc1c149afbf4c8996fb92427ae41e4649b934ca495991b7852b855	missing	no-report
kinsn5	540	0	449ba7ea56d64cf769f15172e6c62858275638ab729ba9b92603f83303fe81d3	e9040f68ae51d5962b4fafde1e281dc0c2703f8edcfbd2b72a507901ff64177a	[{"pass":"bulk_memory","changed":false,"sites":0,"before":3582,"after":3582},{"pass":"rotate","changed":false,"sites":0,"before":3582,"after":3582},{"pass":"cond_select","changed":false,"sites":0,"before":3582,"after":3582},{"pass":"extract","changed":false,"sites":0,"before":3582,"after":3582},{"pass":"endian_fusion","changed":false,"sites":0,"before":3582,"after":3582}]
default11	540	1	e3b0c44298fc1c149afbf4c8996fb92427ae41e4649b934ca495991b7852b855	missing	no-report
